mes,unidades
2020-01-01,183.13
2020-02-01,188.32
2020-03-01,197.86
2020-04-01,196.53
2020-05-01,204.31
2020-06-01,192.05
2020-07-01,188.38
2020-08-01,176.17
2020-09-01,167.19
2020-10-01,154.62
2020-11-01,173.25
2020-12-01,182.53
2021-01-01,186.88
2021-02-01,194.28
2021-03-01,206.74
2021-04-01,208.09
2021-05-01,207.25
2021-06-01,197.29
2021-07-01,196.26
2021-08-01,185.46
2021-09-01,178.37
2021-10-01,171.93
2021-11-01,176.61
2021-12-01,183.87
2022-01-01,192.22
2022-02-01,196.28
2022-03-01,203.92
2022-04-01,224.39
2022-05-01,216.08
2022-06-01,212.46
2022-07-01,204.1
2022-08-01,190.42
2022-09-01,184.4
2022-10-01,177.74
2022-11-01,186.24
2022-12-01,190.68
2023-01-01,201.86
2023-02-01,210.97
2023-03-01,211.99
2023-04-01,228.73
2023-05-01,221.49
2023-06-01,219.42
2023-07-01,209.47
2023-08-01,202.3
2023-09-01,181.32
2023-10-01,187.73
2023-11-01,193.2
2023-12-01,201.33
2024-01-01,211.63
2024-02-01,219.26
2024-03-01,228.23
2024-04-01,224.03
2024-05-01,223.11
2024-06-01,227.02
2024-07-01,206.7
2024-08-01,214.14
2024-09-01,190.33
2024-10-01,192.36
2024-11-01,202.13
2024-12-01,210.43
2025-01-01,223.45
2025-02-01,220.31
2025-03-01,235.62
2025-04-01,236.46
2025-05-01,234.88
2025-06-01,224.95
2025-07-01,226.69
2025-08-01,205.43
2025-09-01,206.91
2025-10-01,200.2
2025-11-01,207.24
2025-12-01,213.86
