id,antes,despues
1,44.43,37.75
2,31.3,29.7
3,51.4,48.67
4,54.39,59.14
5,35.26,31.47
6,28.29,29.93
7,23.93,25.32
8,30.88,26.53
9,41.26,35.05
10,48.97,43.17
11,36.72,35.82
12,38.96,33.47
13,48.49,42.61
14,39.31,38.98
15,40.45,43.86
16,25.06,24.29
17,28.83,18.82
18,24.2,22.55
19,45.15,47.77
20,46.7,44.31
21,47.21,52.15
22,30.88,26.51
23,30.65,25.15
24,38.74,36.15
25,30.66,30.1
26,42.97,34.46
27,56.01,50.03
28,46.61,43.99
29,44.2,32.96
30,33.66,27.69
31,48.01,44.3
32,51.07,51.41
33,48.97,46.59
34,46.99,40.62
35,50.55,45.26
36,38.19,34.49
37,33.28,35.14
38,41.89,40.95
39,38.93,34.38
40,41.88,41.15
41,55.71,52.6
42,35.36,38.64
43,39.21,34.1
44,23.97,14.88
45,35.11,35.87
46,47.76,42.83
47,36.02,39.14
48,33.26,32.2
49,31.13,31.27
50,43.88,43.03
51,36.83,40.22
52,27.62,27.72
53,52.06,48.86
54,37.97,41.1
55,32.7,28.14
56,27.55,29.94
57,42.6,44.24
58,40.38,34.77
59,45.54,41.34
60,29.93,26.87
61,42.11,43.71
62,37.15,36.42
63,25.59,21.5
64,31.83,25.74
65,26.84,24.15
66,38.9,33.94
67,41.47,39.03
68,49.56,49.02
69,39.19,30.79
70,38.02,38.93
71,32.63,25.35
72,45.17,35.58
73,32.56,32.81
74,46.63,45.8
75,53.76,49.1
76,31.8,29.31
77,48.36,45.8
78,32.5,30.59
79,37.4,43.5
80,53.12,49.86
