id,canal,campana,ticket_mil,tiempo_min,resuelto
3,Tienda,C,50.67,29.34,1
5,Tienda,C,40.62,17.2,0
11,Tienda,C,39.18,41.54,0
26,Web,A,45.78,35.54,1
28,Tienda,A,43.57,38.88,0
35,Tienda,A,43.27,30.02,1
41,Tienda,C,48.51,20.18,0
56,Tienda,B,66.35,25.17,1
66,Web,B,42.11,39.64,1
69,Tienda,B,56.24,34.87,0
83,Web,B,83.53,44.62,0
109,Web,C,65.6,39.25,1
124,Web,A,60.41,35.51,1
128,Web,B,44.8,32.99,1
132,Tienda,B,43.48,45.06,1
134,Tienda,A,59.11,34.19,1
155,Web,B,40.32,44.54,1
160,Tienda,A,41.48,39.22,1
176,Tienda,C,78.06,38.58,0
178,Tienda,A,101.18,42.77,0
192,Web,A,62.03,39.95,1
213,Web,C,57.2,38.78,1
216,Web,C,40.59,35.62,1
217,Web,A,37.48,28.1,1
219,Tienda,B,85.7,38.68,1
221,Web,B,51.14,30.2,0
224,Tienda,B,92.61,26.95,1
227,Tienda,B,45.73,42.56,0
255,Web,A,32.34,41.75,1
271,Web,A,79.95,44.02,1
280,Web,B,25.48,29.84,1
285,Web,B,45.82,39.23,1
297,Web,A,64.0,33.98,0
298,Web,A,84.39,40.92,0
301,Web,B,26.21,29.63,1
308,Web,A,34.82,44.48,1
320,Tienda,B,37.25,40.78,0
321,Tienda,C,32.97,29.33,1
324,Tienda,B,40.01,29.22,1
334,Web,B,60.79,47.61,1
337,Web,C,54.14,32.98,1
342,Tienda,A,58.2,35.03,1
344,Web,A,37.89,46.5,1
348,Tienda,C,71.85,37.12,1
358,Web,A,48.46,47.47,1
359,Web,A,54.82,42.7,0
369,Web,C,48.81,27.63,0
372,Tienda,B,50.74,53.2,1
376,Tienda,C,37.65,29.15,1
399,Tienda,A,51.76,40.79,0
408,Web,A,31.8,46.16,1
414,Tienda,B,59.23,36.21,1
423,Tienda,C,30.68,19.06,1
424,Tienda,B,66.51,40.86,1
427,Web,A,31.04,47.1,1
435,Tienda,A,65.14,43.97,1
443,Web,A,63.13,53.55,1
446,Tienda,C,34.41,28.32,1
453,Tienda,A,61.77,41.8,1
470,Tienda,A,49.54,40.78,1
476,Web,C,50.72,27.34,1
481,Web,A,28.29,32.72,0
482,Web,B,23.59,28.75,1
486,Web,A,70.61,42.7,0
490,Tienda,A,49.53,47.43,1
492,Tienda,A,40.43,40.82,1
498,Web,A,58.2,50.55,0
499,Tienda,A,70.86,32.37,1
508,Web,A,32.58,33.53,0
530,Web,B,35.32,38.34,1
531,Web,C,51.61,30.71,1
537,Tienda,B,44.5,32.16,1
539,Tienda,A,60.86,32.11,1
540,Web,C,37.06,35.34,1
544,Tienda,C,64.01,25.16,1
552,Tienda,A,46.53,27.86,1
554,Web,B,74.5,30.1,1
570,Web,A,55.58,41.43,1
571,Web,A,85.32,35.74,1
575,Web,B,38.0,24.97,0
580,Web,C,61.52,34.1,1
584,Tienda,B,40.08,38.96,0
595,Web,A,43.27,47.11,0
601,Web,C,50.63,24.17,1
609,Web,A,50.6,38.05,1
617,Tienda,B,64.92,31.07,1
621,Tienda,C,33.98,29.11,1
642,Tienda,B,33.43,38.79,1
648,Tienda,B,46.82,32.87,1
651,Web,A,61.92,40.05,1
655,Web,B,69.02,41.55,0
656,Tienda,B,81.4,30.6,1
660,Tienda,A,45.91,22.55,0
675,Web,C,79.93,32.17,1
689,Web,A,30.03,41.86,1
703,Web,B,75.36,38.96,1
721,Tienda,A,50.96,55.21,1
734,Tienda,B,107.56,35.84,1
741,Web,C,28.2,21.06,1
743,Web,C,61.27,32.94,1
752,Web,C,32.13,36.23,1
757,Web,B,36.83,31.79,1
762,Web,A,37.22,28.94,1
777,Web,A,95.25,50.12,0
800,Tienda,B,45.86,38.78,1
802,Tienda,C,40.0,38.6,0
812,Web,C,47.46,22.38,1
830,Tienda,B,52.73,48.65,0
837,Web,A,47.59,45.39,1
840,Tienda,B,51.8,35.98,1
842,Web,A,34.89,40.33,1
843,Web,B,63.91,34.93,1
852,Tienda,C,46.99,18.21,1
862,Tienda,B,50.78,33.76,0
864,Tienda,B,35.54,34.52,1
891,Tienda,B,40.76,42.18,1
898,Web,A,73.68,56.02,1
904,Web,C,35.8,32.38,1
943,Tienda,C,62.55,21.08,1
945,Web,C,30.96,26.81,1
990,Tienda,B,119.01,32.61,1
994,Web,B,42.38,41.7,0
997,Tienda,B,98.95,34.68,1
1002,Tienda,A,26.13,42.82,1
1013,Web,A,67.39,42.05,0
1019,Web,A,51.73,45.71,1
1025,Web,C,50.54,31.91,0
1039,Web,B,81.91,29.29,1
1041,Web,A,28.5,42.73,1
1050,Web,C,26.36,31.76,1
1070,Web,A,51.12,47.26,1
1079,Tienda,B,66.36,43.9,1
1084,Web,A,24.57,38.73,1
1089,Web,A,53.59,42.0,1
1101,Tienda,B,43.53,49.18,0
1111,Web,A,87.48,35.02,1
1120,Web,C,34.37,38.85,1
1143,Web,A,47.59,39.41,1
1159,Tienda,C,58.34,21.99,0
1169,Web,A,84.64,47.91,1
1184,Tienda,C,72.2,44.9,0
1196,Web,A,59.19,41.34,1
1222,Web,A,53.39,29.6,1
1227,Web,C,58.71,27.24,1
1230,Web,B,33.69,40.21,1
1258,Web,B,26.44,23.88,1
1261,Tienda,C,71.7,25.12,0
1276,Web,A,64.8,34.63,1
1288,Web,B,55.94,37.34,0
1290,Tienda,B,38.93,32.32,1
1292,Web,B,54.13,26.43,1
1305,Web,A,30.2,28.58,0
1310,Web,A,65.88,44.59,0
1317,Web,C,50.23,35.67,1
1322,Tienda,B,37.93,37.53,1
1345,Web,B,47.6,29.85,1
1358,Web,B,35.02,53.24,1
1364,Tienda,A,49.37,38.1,0
1373,Web,C,67.15,40.92,1
1377,Tienda,C,55.48,25.23,1
1394,Tienda,A,76.55,41.57,1
1416,Web,C,76.67,33.75,1
1421,Web,C,14.47,32.57,1
1422,Web,A,42.05,49.65,1
1448,Web,B,55.79,33.5,1
1456,Web,B,39.4,51.73,1
1460,Web,C,39.85,36.53,1
1464,Web,C,58.7,27.82,0
1481,Tienda,A,67.64,35.73,1
1488,Tienda,C,39.95,17.2,1
1511,Tienda,B,53.81,33.66,1
1513,Tienda,C,42.89,24.1,1
1519,Tienda,A,76.5,45.74,0
1520,Tienda,C,72.25,23.34,1
1526,Web,A,39.13,40.99,1
1539,Web,A,45.49,37.83,1
1552,Tienda,B,42.57,33.68,0
1555,Web,C,38.67,16.64,1
1559,Tienda,B,40.02,36.25,1
1582,Web,B,38.17,32.58,0
1583,Web,C,35.43,34.16,1
1586,Web,A,40.53,42.32,1
1588,Web,B,31.21,37.0,0
1596,Web,A,47.86,33.73,0
1598,Web,C,57.2,32.0,1
1607,Web,A,35.55,36.42,0
1628,Tienda,C,64.88,35.28,1
1631,Web,B,24.8,43.85,1
1635,Tienda,A,47.67,36.4,0
1662,Tienda,B,49.14,35.73,1
1664,Tienda,A,44.02,40.71,0
1673,Web,C,84.03,49.14,1
1685,Web,B,63.53,27.85,0
1696,Web,A,120.87,54.35,1
1699,Tienda,A,55.62,38.72,1
1701,Web,B,49.31,36.16,1
1707,Web,C,75.39,34.27,1
1715,Tienda,B,49.01,28.92,0
1721,Web,B,33.38,28.88,1
1730,Web,C,39.74,32.52,0
1745,Tienda,C,35.02,25.52,1
1746,Web,B,37.67,33.68,0
1756,Web,A,20.17,41.47,1
1760,Web,B,56.09,39.41,0
1783,Tienda,A,40.6,50.07,1
1791,Web,B,55.75,30.56,0
1792,Web,A,67.83,43.84,1
1795,Web,C,26.48,25.01,1
1806,Web,A,40.7,48.5,1
1810,Web,B,76.5,38.53,1
1830,Web,A,31.71,50.37,1
1859,Web,B,47.79,44.37,1
1866,Tienda,A,39.86,47.26,1
1882,Tienda,C,82.96,23.35,1
1886,Web,A,54.52,40.74,0
1917,Web,B,21.83,23.75,1
1923,Web,C,69.11,51.35,1
1928,Web,A,72.01,47.94,0
1940,Web,B,64.83,32.16,1
1945,Web,C,39.18,34.36,0
1953,Tienda,C,82.73,30.18,1
1959,Web,B,30.69,36.51,1
1981,Tienda,A,56.91,40.54,1
1989,Web,A,59.68,27.35,0
1990,Web,C,33.32,40.82,1
2013,Web,C,36.91,37.24,1
2016,Web,C,39.24,38.02,1
2022,Tienda,B,43.89,23.74,1
2033,Web,B,33.5,47.65,1
2034,Tienda,C,51.09,19.2,1
2042,Tienda,B,44.11,43.94,1
2050,Tienda,A,53.29,43.63,1
2051,Web,C,61.04,37.09,1
2073,Tienda,B,54.04,35.62,1
2079,Tienda,B,47.66,35.51,1
2083,Tienda,B,42.29,31.01,1
2095,Tienda,C,155.84,28.8,1
2106,Web,B,84.93,28.52,0
2116,Tienda,A,46.41,32.3,1
2122,Web,A,30.79,48.04,1
2127,Tienda,A,58.78,31.71,1
2129,Web,A,18.63,44.31,1
2142,Web,B,43.23,45.52,0
2150,Tienda,C,76.63,31.38,0
2154,Web,A,38.42,39.59,1
2158,Tienda,C,24.5,27.34,1
2161,Web,B,41.98,38.78,1
2163,Web,C,49.75,41.32,1
2181,Tienda,B,143.48,29.62,1
2189,Web,B,63.26,41.21,1
2203,Web,A,42.19,37.69,1
2206,Web,B,32.79,38.57,0
2214,Tienda,B,67.63,31.14,0
2231,Web,A,53.48,40.45,1
2237,Web,C,54.73,20.24,1
2248,Web,A,28.72,39.78,1
2262,Tienda,B,44.76,39.57,1
2278,Web,C,110.1,43.03,1
2287,Web,A,21.08,43.05,0
2299,Web,C,35.29,37.08,0
2319,Web,B,27.99,34.48,1
2320,Tienda,A,45.85,36.33,0
2334,Tienda,A,47.53,34.22,1
2362,Web,A,34.77,41.57,1
2370,Web,A,45.87,34.19,1
2374,Tienda,C,50.1,26.96,1
2376,Web,B,51.57,34.62,0
2378,Web,B,26.82,41.8,1
2385,Tienda,C,41.49,33.4,1
2387,Tienda,B,40.44,40.09,1
2394,Web,C,102.84,33.95,1
2396,Tienda,B,60.54,16.38,1
2407,Web,B,45.11,44.0,1
2414,Web,C,39.58,26.37,1
2421,Web,B,85.28,34.3,0
2433,Web,C,66.47,26.57,1
2437,Web,A,62.61,38.89,1
2448,Web,B,42.35,21.93,1
2449,Web,A,66.85,37.0,1
2455,Web,B,38.45,35.19,1
2462,Web,A,42.4,38.07,0
2480,Web,B,77.99,32.54,1
2493,Tienda,C,62.61,37.29,1
2499,Web,B,57.05,34.25,1
2500,Tienda,C,59.06,27.93,1
2501,Tienda,C,38.81,24.54,0
2504,Web,C,32.75,30.04,1
2510,Web,C,38.02,37.22,1
2535,Web,A,50.52,41.57,1
2539,Web,A,38.42,41.26,0
2541,Web,A,41.56,52.64,1
2571,Web,C,31.28,42.91,1
2578,Web,A,42.81,42.38,1
2588,Web,C,41.59,34.03,1
2589,Web,A,70.62,40.69,1
2592,Web,A,39.93,37.17,1
2598,Tienda,B,53.04,31.33,0
2631,Tienda,C,45.5,41.64,1
2643,Web,C,39.75,39.95,1
2647,Web,C,62.21,32.06,1
2656,Web,B,49.4,36.56,1
2672,Tienda,A,67.06,22.08,0
2673,Web,C,40.38,34.56,1
2675,Web,A,39.17,48.02,1
2687,Tienda,B,42.29,33.73,0
2697,Web,C,42.49,36.13,1
2698,Tienda,C,42.15,24.9,1
2699,Web,B,58.43,35.32,1
2703,Web,C,31.74,42.22,1
2708,Web,B,41.9,29.66,0
2710,Web,C,66.75,19.0,1
2724,Web,B,62.41,40.73,1
2732,Tienda,C,68.54,27.73,1
2740,Web,B,36.59,50.52,1
2741,Web,C,36.57,23.61,0
2744,Web,C,44.73,29.15,1
2745,Tienda,B,34.57,30.11,1
2749,Web,A,38.64,42.8,0
2751,Tienda,A,41.07,40.27,1
2768,Web,B,40.68,24.79,1
2785,Web,C,44.71,38.37,1
2788,Web,B,72.65,40.17,1
2789,Web,B,44.94,42.72,1
2802,Tienda,B,54.13,34.99,1
2804,Web,A,28.85,44.33,0
2816,Web,A,57.04,42.21,1
2820,Web,C,37.89,34.65,1
2821,Web,C,79.4,34.95,1
2828,Web,B,38.81,36.26,1
2843,Web,C,59.13,30.11,0
2853,Web,A,67.36,39.32,0
2857,Tienda,B,84.79,28.81,1
2865,Web,A,39.98,38.34,0
2877,Web,C,49.98,29.22,1
2879,Web,C,40.07,32.39,1
2885,Web,A,61.82,51.73,1
2886,Tienda,A,45.35,47.2,0
2888,Tienda,B,51.1,29.03,1
2894,Web,B,82.66,42.46,1
2901,Web,C,71.04,46.98,0
2903,Tienda,C,46.32,38.2,1
2904,Tienda,A,51.78,45.5,1
2943,Tienda,B,67.45,28.78,1
2944,Web,B,61.96,31.58,1
2951,Web,B,53.36,38.14,1
2989,Tienda,A,45.18,28.74,0
2991,Web,B,27.44,38.4,1
3001,Web,B,67.15,41.67,1
3008,Web,B,40.07,41.21,1
3015,Web,A,40.82,40.13,0
3022,Tienda,B,75.79,39.15,1
3031,Tienda,A,42.23,20.06,1
3032,Tienda,A,81.59,44.82,0
3046,Tienda,B,27.23,34.53,1
3049,Tienda,B,112.52,47.18,1
3081,Web,C,28.13,28.6,1
3090,Tienda,A,54.83,34.55,1
3109,Tienda,C,34.99,41.08,1
3111,Web,A,25.15,32.01,0
3118,Tienda,B,48.82,26.46,1
3130,Tienda,A,48.94,45.85,1
3134,Web,C,37.74,38.89,0
3156,Tienda,A,78.91,42.42,1
3162,Tienda,B,59.59,33.18,1
3167,Web,B,52.15,38.5,1
3168,Tienda,B,70.96,39.29,0
3175,Tienda,A,59.93,36.99,1
3187,Web,C,44.15,41.55,0
3200,Web,C,68.73,30.17,0
3207,Web,C,43.21,48.74,1
3208,Web,B,36.28,30.35,1
3216,Tienda,B,98.14,49.57,1
3219,Tienda,C,95.96,35.36,1
3230,Tienda,C,45.6,28.55,1
3233,Web,A,63.65,36.84,0
3238,Web,C,64.57,31.63,1
3239,Web,C,32.7,40.93,1
3240,Web,A,58.04,35.11,0
3241,Tienda,B,62.32,25.69,1
3265,Web,C,54.85,36.23,1
3267,Web,A,87.26,47.9,1
3278,Tienda,A,61.05,29.3,0
3285,Web,A,33.85,47.09,1
3290,Web,C,30.9,36.77,0
3315,Tienda,A,37.19,42.77,1
3316,Web,A,49.95,46.93,1
3320,Web,C,36.56,32.13,1
3331,Web,C,28.76,35.89,1
3333,Tienda,C,52.7,15.05,0
3343,Tienda,C,50.34,16.37,1
3355,Web,C,30.86,33.99,1
3370,Tienda,A,46.54,33.8,1
3373,Web,C,41.22,34.3,1
3385,Web,C,39.93,31.44,1
3397,Web,C,42.48,49.74,1
3398,Web,C,32.98,31.82,1
3411,Web,C,29.06,30.12,1
3426,Tienda,B,76.41,19.87,1
3431,Web,B,96.24,25.96,1
3453,Web,A,22.62,35.45,1
3463,Tienda,C,62.5,31.63,1
3483,Web,A,14.88,42.91,1
3484,Web,A,38.97,35.7,1
3487,Web,A,48.72,45.52,1
3489,Tienda,C,76.2,27.36,1
3492,Web,B,70.52,45.87,1
3501,Web,B,24.13,48.12,0
3509,Web,B,38.52,34.27,1
3516,Web,C,26.29,42.64,0
3522,Web,B,42.75,48.76,1
3528,Tienda,C,87.73,20.08,1
3536,Tienda,B,64.22,26.4,0
3537,Web,A,25.85,47.7,0
3543,Web,C,38.98,43.75,0
3547,Web,B,37.26,33.88,1
3549,Web,B,71.99,32.35,0
3550,Tienda,C,49.08,42.32,1
3558,Web,C,51.86,36.27,1
3565,Web,C,64.12,37.83,1
3571,Web,B,34.99,32.1,0
3575,Tienda,B,43.23,26.29,0
3580,Web,A,35.41,43.16,1
3581,Web,A,46.95,36.71,1
3585,Web,A,22.75,44.49,1
3597,Tienda,C,61.78,26.74,0
3598,Tienda,A,33.27,30.48,1
3606,Tienda,B,36.88,30.32,1
3620,Tienda,B,55.1,27.84,1
3627,Tienda,B,72.22,25.9,1
3666,Tienda,C,49.36,27.59,1
3673,Web,B,50.35,31.42,0
3683,Web,B,50.53,37.48,1
3694,Web,A,29.33,44.62,0
3703,Web,B,35.65,38.17,1
3704,Web,B,63.36,32.11,0
3718,Tienda,C,98.97,34.47,1
3731,Web,A,21.23,38.07,1
3739,Tienda,C,33.3,34.2,1
3764,Web,A,37.17,24.46,1
3771,Web,A,39.88,46.77,1
3776,Web,A,86.81,43.81,0
3778,Web,C,25.64,31.66,0
3779,Web,C,55.44,27.34,1
3791,Web,C,35.27,26.78,1
3808,Tienda,B,45.07,33.47,1
3820,Tienda,C,44.86,32.65,1
3846,Tienda,A,28.98,32.52,1
3855,Web,B,68.82,30.97,1
3871,Web,C,59.16,36.07,1
3873,Web,C,90.72,47.05,1
3880,Web,C,30.51,20.56,0
3887,Tienda,A,37.56,45.56,1
3889,Web,B,40.3,47.56,1
3891,Tienda,C,61.05,41.92,1
3898,Tienda,A,84.0,22.02,0
3903,Tienda,A,44.71,47.22,1
3938,Tienda,C,72.73,22.85,1
3944,Web,B,52.25,45.98,1
3945,Tienda,B,46.58,39.53,1
3946,Web,B,24.29,44.16,1
3949,Web,A,27.96,38.34,0
3952,Tienda,B,51.71,39.96,1
3961,Web,A,35.59,34.44,0
3989,Web,C,59.15,32.8,1
3999,Web,A,67.56,44.41,1
4006,Tienda,B,34.91,40.58,0
4015,Web,A,28.33,42.66,0
4016,Tienda,A,43.31,33.48,1
4018,Web,C,30.7,38.62,1
4043,Web,A,32.54,33.56,1
4045,Tienda,C,43.39,27.43,1
4052,Tienda,A,62.71,25.76,1
4067,Web,A,25.16,32.22,1
4068,Web,A,86.47,46.39,0
4070,Web,A,24.15,41.33,1
4085,Web,C,30.63,33.56,1
4113,Web,A,46.82,34.98,1
4118,Tienda,B,79.2,29.3,1
4128,Tienda,A,56.39,39.82,1
4130,Web,C,27.76,27.69,1
4135,Web,A,65.74,39.85,0
4150,Web,A,64.2,37.98,1
4151,Web,B,50.29,26.38,1
4159,Web,C,35.02,37.82,1
4161,Web,A,21.72,39.01,1
4165,Web,B,41.09,26.15,1
4166,Web,C,52.93,39.97,1
4170,Web,C,35.77,24.61,1
4173,Tienda,B,43.87,31.17,1
4174,Web,A,45.56,32.45,0
4185,Web,A,40.78,33.4,0
4187,Web,C,68.41,40.47,1
4204,Web,A,52.71,51.06,1
4212,Web,B,64.82,27.71,0
4218,Tienda,B,46.07,37.18,1
4220,Web,C,61.32,32.82,1
4225,Web,C,31.93,30.76,0
4226,Web,A,72.2,40.25,1
4238,Web,A,19.6,42.82,1
4239,Web,A,27.74,49.75,0
4250,Web,B,44.25,30.72,1
4252,Web,A,33.89,39.68,0
4253,Web,B,33.32,44.13,1
4255,Tienda,A,39.61,42.04,1
4260,Tienda,C,71.74,38.44,1
4261,Web,A,66.51,48.87,1
4263,Web,C,25.24,29.87,1
4275,Web,C,65.03,43.53,1
4283,Tienda,C,80.28,24.57,1
4284,Tienda,B,73.07,36.79,1
4292,Web,C,14.35,32.67,1
4293,Tienda,C,118.81,31.33,1
4300,Web,B,26.94,33.01,0
4304,Web,B,63.78,32.87,1
4317,Tienda,C,28.28,31.54,1
4323,Web,A,48.61,40.25,0
4327,Tienda,A,26.08,43.66,0
4332,Tienda,A,65.95,38.98,1
4342,Tienda,A,43.94,41.59,1
4343,Web,B,37.64,46.86,1
4346,Tienda,A,45.41,33.08,0
4356,Web,B,34.36,39.16,0
4364,Tienda,C,68.4,34.91,1
4374,Web,A,23.39,22.09,1
4376,Web,B,20.41,31.81,1
4381,Web,A,27.28,27.45,1
4382,Web,B,47.74,38.86,1
4388,Web,B,39.47,43.14,1
4394,Web,A,23.21,46.41,1
4413,Tienda,A,105.35,49.33,0
4437,Web,C,79.42,31.38,1
4438,Tienda,B,26.91,24.43,1
4439,Tienda,A,39.65,34.55,1
4462,Web,B,26.63,54.58,1
4473,Web,B,28.8,33.62,1
4474,Web,A,42.05,49.71,0
4477,Web,B,81.86,30.35,1
4479,Tienda,B,53.92,35.86,1
4483,Web,B,60.35,36.84,0
4487,Web,B,30.04,42.26,0
4490,Web,B,56.51,36.35,1
4492,Web,C,43.48,40.38,0
4495,Web,B,31.27,31.02,1
4497,Web,A,65.45,37.58,0
4499,Web,A,44.54,49.97,0
4507,Web,C,81.96,26.65,1
4515,Tienda,B,35.62,25.78,1
4520,Web,B,24.77,50.66,1
4531,Web,B,45.8,41.31,0
4546,Web,C,45.9,38.82,1
4551,Tienda,A,41.0,35.5,0
4559,Tienda,A,66.71,37.5,1
4570,Tienda,C,67.6,16.72,1
4574,Web,B,58.78,39.48,1
4585,Tienda,A,33.18,28.79,1
4589,Web,B,68.4,47.71,1
4602,Web,C,66.9,26.55,1
4618,Web,A,39.77,43.47,0
4624,Web,B,67.22,26.1,0
4633,Tienda,A,87.63,46.74,1
4635,Web,B,23.7,38.7,1
4641,Web,B,41.95,51.39,1
4654,Web,A,75.65,34.71,1
4655,Tienda,B,47.21,34.07,0
4656,Web,C,56.13,31.73,1
4663,Tienda,C,37.02,27.92,1
4676,Web,B,55.11,49.81,1
4692,Tienda,C,70.07,40.88,1
4694,Web,A,33.31,26.58,1
4714,Tienda,A,66.27,46.94,1
4716,Web,A,55.48,40.1,1
4726,Web,B,68.79,44.03,1
4758,Web,A,55.5,34.95,1
4771,Web,A,86.85,41.43,1
4772,Tienda,A,46.58,36.87,1
4780,Web,B,49.61,34.92,1
4786,Web,B,66.34,46.64,1
4788,Tienda,B,55.77,35.4,0
4794,Tienda,C,58.55,26.88,1
4822,Web,C,60.73,25.43,1
4836,Tienda,B,56.12,30.41,1
4841,Tienda,C,55.11,18.85,1
4852,Web,C,55.87,38.53,1
4863,Web,B,29.59,35.51,1
4864,Web,A,47.74,41.95,1
4865,Web,A,18.14,45.85,0
4879,Web,C,26.47,31.0,1
4882,Web,B,103.11,38.49,1
4900,Web,B,57.11,34.23,1
4902,Web,B,91.66,39.69,1
4917,Web,B,48.69,33.49,0
4930,Tienda,A,45.21,45.62,1
4933,Tienda,A,39.31,53.02,0
4959,Web,B,31.75,42.27,1
4960,Web,A,36.55,46.6,0
4975,Web,B,68.52,36.8,1
4977,Tienda,C,39.21,19.82,1
4979,Web,B,43.33,38.95,1
4984,Web,B,30.94,22.65,1
4986,Web,B,32.64,41.61,1
