lote_id,temperatura_coccion_c,presion_digestor_bar,tiempo_coccion_min,concentracion_alcali_pct,humedad_madera_pct,velocidad_linea_m_min,defecto
20000,149.2,8.03,111.0,19.6,35.2,611.0,1
20001,172.3,5.38,95.0,22.2,50.8,719.0,0
20002,169.8,5.25,120.0,23.9,51.5,1044.0,1
20003,179.0,6.94,104.0,18.6,49.1,1028.0,0
20004,191.0,6.55,127.0,16.9,43.6,946.0,0
20005,174.0,7.64,102.0,15.2,41.5,784.0,0
20006,170.6,5.85,118.0,17.8,52.1,915.0,1
20007,147.6,7.54,86.0,15.1,51.3,553.0,1
20008,165.9,6.83,125.0,15.6,45.9,981.0,0
20009,168.3,7.53,87.0,18.1,59.5,576.0,0
20010,183.5,5.92,125.0,21.2,40.1,811.0,1
20011,184.2,7.61,128.0,17.6,34.7,901.0,0
20012,162.8,7.2,152.0,18.2,46.5,960.0,0
20013,177.7,9.13,116.0,16.5,34.0,662.0,0
20014,184.9,6.5,99.0,21.0,40.4,672.0,1
20015,166.6,5.68,124.0,17.7,41.8,883.0,0
20016,159.6,7.01,132.0,15.1,44.3,571.0,0
20017,161.1,7.51,122.0,11.2,48.4,824.0,0
20018,168.2,5.91,137.0,16.9,35.8,1025.0,0
20019,153.0,6.56,92.0,16.4,42.0,823.0,0
20020,173.4,7.1,125.0,21.7,47.2,840.0,0
20021,178.8,6.49,126.0,22.8,28.4,575.0,0
20022,168.0,6.35,98.0,20.1,37.4,720.0,0
20023,177.9,8.64,110.0,15.3,50.7,928.0,0
20024,180.1,6.41,126.0,14.8,30.7,919.0,0
20025,163.5,6.68,124.0,15.7,49.8,957.0,0
20026,198.1,8.35,140.0,17.8,44.8,654.0,1
20027,170.6,7.3,136.0,12.5,30.8,781.0,1
20028,177.8,8.05,114.0,16.9,39.4,842.0,0
20029,170.6,7.85,153.0,20.7,56.8,784.0,0
20030,162.5,6.81,131.0,17.3,41.9,961.0,0
20031,166.0,7.0,133.0,14.0,31.9,921.0,0
20032,175.5,7.15,108.0,20.5,43.3,545.0,0
20033,155.8,7.27,129.0,19.8,39.4,1094.0,0
20034,165.3,6.26,113.0,19.8,38.4,573.0,0
20035,158.8,6.93,120.0,18.6,48.9,770.0,1
20036,172.7,7.89,120.0,16.2,59.8,988.0,0
20037,164.7,9.12,113.0,18.1,45.3,597.0,0
20038,161.3,8.41,129.0,17.3,37.0,1068.0,0
20039,163.8,6.35,121.0,16.1,34.7,870.0,0
20040,190.0,8.09,140.0,20.3,32.4,937.0,1
20041,173.6,7.16,121.0,15.7,36.7,556.0,0
20042,168.0,7.77,101.0,16.9,37.8,1061.0,0
20043,170.9,7.86,95.0,17.5,28.5,814.0,0
20044,177.8,7.37,114.0,17.3,46.6,910.0,0
20045,176.1,7.88,101.0,17.6,41.8,832.0,0
20046,173.8,6.85,128.0,16.2,43.4,1059.0,0
20047,165.3,7.78,123.0,20.5,52.2,1017.0,0
20048,197.7,8.92,116.0,18.2,41.0,548.0,1
20049,190.3,7.54,118.0,20.9,49.3,1015.0,1
20050,176.8,7.85,107.0,13.5,35.1,703.0,0
20051,189.4,4.66,117.0,14.9,42.7,600.0,1
20052,165.3,7.44,98.0,18.9,31.6,547.0,0
20053,168.7,7.6,121.0,18.5,40.6,630.0,0
20054,155.6,8.33,93.0,16.7,42.9,953.0,1
20055,162.8,7.65,144.0,17.8,45.6,569.0,1
20056,164.7,6.84,98.0,23.1,28.9,560.0,0
20057,162.7,6.04,117.0,16.5,38.6,759.0,0
20058,168.1,7.02,105.0,17.5,45.0,897.0,0
20059,180.3,6.82,103.0,15.6,50.6,768.0,1
20060,177.0,5.43,111.0,17.7,52.2,570.0,0
20061,159.6,6.76,113.0,18.1,37.6,703.0,0
20062,166.0,6.45,125.0,14.8,47.5,786.0,0
20063,154.0,7.95,112.0,15.7,32.3,669.0,0
20064,164.1,7.93,82.0,18.9,57.8,618.0,0
20065,167.6,7.75,118.0,16.3,52.7,1028.0,0
20066,179.3,7.64,105.0,18.3,41.0,923.0,0
20067,181.3,6.46,101.0,15.1,36.4,924.0,0
20068,167.4,9.7,118.0,18.8,42.4,1097.0,1
20069,163.4,6.44,115.0,15.1,38.7,657.0,0
20070,173.4,7.64,94.0,19.1,31.1,745.0,0
20071,178.5,6.39,124.0,15.1,43.1,1087.0,0
20072,162.5,8.48,135.0,17.8,37.5,574.0,0
20073,147.5,6.71,144.0,17.3,37.4,588.0,1
20074,150.1,6.28,125.0,15.1,41.9,916.0,0
20075,168.6,6.48,127.0,16.1,38.7,958.0,0
20076,176.6,8.04,151.0,22.7,48.5,691.0,0
20077,185.3,6.7,106.0,18.5,42.4,683.0,0
20078,180.0,7.11,90.0,19.0,49.6,747.0,0
20079,158.8,7.06,107.0,17.8,36.9,761.0,0
20080,152.2,7.47,141.0,14.3,34.6,963.0,0
20081,170.8,7.26,140.0,15.1,38.2,1081.0,0
20082,148.0,6.28,111.0,17.5,48.2,859.0,0
20083,163.1,5.25,116.0,13.6,40.6,779.0,1
20084,149.4,5.93,146.0,17.0,34.5,1025.0,0
20085,174.9,6.72,141.0,17.5,36.9,550.0,0
20086,175.0,6.82,126.0,17.0,40.3,901.0,0
20087,190.6,6.8,132.0,17.0,41.0,1075.0,1
20088,192.7,7.9,90.0,17.2,49.0,859.0,1
20089,167.7,7.98,125.0,20.5,37.6,1099.0,1
20090,180.5,7.65,112.0,17.6,34.1,945.0,0
20091,160.9,8.31,108.0,21.3,39.1,674.0,0
20092,171.9,7.09,139.0,16.0,50.6,909.0,0
20093,168.3,6.8,105.0,18.6,36.8,739.0,0
20094,182.9,6.76,113.0,19.1,43.5,621.0,0
20095,160.9,6.45,112.0,17.7,49.3,997.0,0
20096,178.2,7.83,88.0,17.5,41.0,819.0,1
20097,163.7,6.61,132.0,16.5,38.6,930.0,0
20098,162.9,6.37,100.0,20.2,39.7,564.0,0
20099,182.1,7.99,125.0,14.7,37.0,851.0,1
20100,159.7,7.19,120.0,17.4,35.6,1092.0,0
20101,172.6,7.85,126.0,18.9,53.7,907.0,1
20102,167.4,7.42,119.0,19.2,33.3,650.0,0
20103,152.0,7.06,124.0,19.6,28.0,679.0,0
20104,182.3,7.61,124.0,19.3,42.1,938.0,0
20105,167.0,8.65,109.0,14.7,34.9,554.0,0
20106,166.5,7.89,124.0,21.4,47.9,745.0,0
20107,182.3,7.06,100.0,21.9,43.3,677.0,1
20108,167.4,7.04,94.0,16.8,38.6,970.0,0
20109,182.0,8.32,121.0,14.5,37.0,659.0,0
20110,152.4,8.01,131.0,17.4,33.7,1043.0,1
20111,183.6,6.34,128.0,15.1,39.7,704.0,0
20112,153.8,7.93,108.0,19.9,46.4,743.0,1
20113,165.1,5.74,119.0,15.9,28.0,679.0,1
20114,151.7,7.44,134.0,20.0,47.6,600.0,0
20115,177.7,6.47,127.0,20.0,36.0,784.0,0
20116,167.3,8.18,131.0,20.4,43.9,1063.0,0
20117,163.3,5.42,112.0,16.7,41.8,548.0,1
20118,154.1,6.4,107.0,14.8,35.9,884.0,0
20119,166.3,7.98,110.0,17.4,46.9,665.0,0
20120,156.2,6.15,115.0,16.2,37.6,577.0,0
20121,166.8,7.43,126.0,18.2,43.9,555.0,0
20122,154.2,6.32,132.0,18.7,30.9,716.0,0
20123,176.1,7.24,149.0,22.9,28.4,1045.0,0
20124,189.4,6.48,131.0,17.6,35.3,833.0,0
20125,169.5,8.66,78.0,17.2,49.1,766.0,0
20126,165.7,7.58,113.0,18.8,53.3,818.0,0
20127,167.3,7.89,122.0,15.1,56.0,725.0,0
20128,144.3,8.15,114.0,18.3,46.8,933.0,0
20129,157.2,6.15,121.0,16.9,37.7,921.0,0
20130,162.6,7.22,96.0,20.7,45.8,960.0,0
20131,185.2,5.76,116.0,19.0,46.4,776.0,0
20132,164.8,7.12,107.0,19.0,38.8,1054.0,0
20133,169.2,8.85,122.0,16.4,36.4,646.0,0
20134,194.5,9.34,117.0,18.3,35.1,764.0,0
20135,148.3,7.53,107.0,17.0,36.4,708.0,0
20136,173.0,4.8,128.0,17.6,34.0,784.0,1
20137,172.4,8.44,99.0,16.5,35.6,674.0,0
20138,171.2,5.22,126.0,18.9,41.1,628.0,0
20139,184.1,5.51,96.0,15.1,50.3,737.0,0
20140,176.9,7.5,127.0,17.4,44.9,784.0,0
20141,145.9,7.14,119.0,16.1,38.0,741.0,0
20142,156.6,8.71,114.0,20.2,57.9,581.0,1
20143,177.1,7.47,126.0,12.2,43.0,1039.0,0
20144,172.0,6.72,104.0,20.8,41.2,828.0,0
20145,169.9,7.33,110.0,20.0,33.1,749.0,0
20146,161.5,5.51,106.0,17.9,47.9,710.0,0
20147,164.2,6.68,131.0,18.8,36.4,923.0,0
20148,166.1,7.31,119.0,17.9,40.3,565.0,0
20149,158.6,8.04,111.0,11.5,51.4,593.0,0
20150,162.6,6.08,122.0,16.7,42.1,793.0,0
20151,173.5,7.04,119.0,20.6,33.2,996.0,0
20152,166.2,7.02,96.0,17.3,42.3,829.0,0
20153,181.7,6.74,151.0,19.0,41.3,692.0,0
20154,161.9,7.86,112.0,19.1,28.0,1047.0,0
20155,176.1,6.19,117.0,15.3,49.3,530.0,0
20156,173.1,7.67,122.0,14.7,34.4,925.0,0
20157,165.9,5.04,101.0,17.6,50.3,974.0,0
20158,160.8,7.74,148.0,17.9,29.2,898.0,1
20159,181.6,8.36,135.0,19.0,53.4,893.0,0
20160,171.0,7.01,104.0,17.5,49.3,751.0,0
20161,173.7,8.0,111.0,22.3,45.2,860.0,0
20162,159.4,6.45,107.0,15.4,52.0,1036.0,0
20163,165.5,5.19,123.0,18.2,44.2,543.0,0
20164,172.3,7.81,127.0,14.3,34.4,1017.0,0
20165,180.3,5.39,106.0,15.2,49.2,1025.0,1
20166,174.5,7.9,112.0,21.3,35.6,643.0,1
20167,174.0,5.02,122.0,15.5,40.3,988.0,0
20168,162.9,5.94,105.0,16.4,55.3,599.0,0
20169,158.9,6.94,96.0,17.9,45.3,893.0,0
20170,167.0,6.3,113.0,21.0,38.9,830.0,1
20171,172.2,5.01,91.0,19.0,43.5,721.0,0
20172,178.2,7.3,148.0,20.1,42.4,1002.0,0
20173,168.5,9.04,115.0,20.6,48.1,691.0,0
20174,179.9,7.64,130.0,17.7,43.1,624.0,0
20175,161.7,6.32,113.0,11.8,53.3,570.0,0
20176,181.4,7.56,107.0,16.2,43.0,886.0,0
20177,167.0,6.34,123.0,14.5,40.0,618.0,0
20178,179.3,5.94,110.0,16.2,44.3,867.0,0
20179,165.3,7.6,89.0,13.0,41.4,1003.0,1
20180,168.3,6.83,113.0,15.9,40.5,682.0,0
20181,179.1,6.2,78.0,16.0,62.3,811.0,1
20182,164.1,7.8,112.0,20.7,32.7,590.0,0
20183,163.5,7.8,132.0,17.6,43.7,834.0,0
20184,173.3,7.05,102.0,18.7,28.0,578.0,0
20185,162.9,7.94,105.0,13.6,37.9,882.0,0
20186,179.6,7.51,125.0,15.8,41.5,1052.0,0
20187,183.0,6.68,105.0,18.6,37.3,558.0,0
20188,171.6,6.5,105.0,16.5,45.5,980.0,1
20189,166.9,5.51,105.0,19.2,42.2,678.0,0
20190,165.3,8.44,127.0,11.4,31.3,699.0,0
20191,155.0,6.71,113.0,22.5,47.0,805.0,0
20192,178.8,5.57,127.0,18.1,29.2,640.0,0
20193,175.6,6.71,129.0,19.5,34.9,756.0,0
20194,177.9,8.44,107.0,20.2,46.0,905.0,0
20195,170.3,5.12,112.0,19.2,47.0,1063.0,0
20196,173.9,7.08,104.0,18.6,47.3,1083.0,0
20197,174.5,6.0,117.0,20.1,49.4,578.0,0
20198,164.7,6.79,90.0,18.4,40.0,880.0,1
20199,174.7,7.26,110.0,20.7,46.6,650.0,0
20200,161.3,6.12,137.0,18.4,49.4,871.0,0
20201,178.8,6.76,102.0,18.0,47.8,823.0,0
20202,189.1,7.17,134.0,13.2,35.5,1087.0,0
20203,158.2,6.53,80.0,19.8,38.3,544.0,0
20204,172.6,6.78,122.0,14.7,47.4,746.0,0
20205,169.3,7.33,131.0,16.6,37.0,1032.0,0
20206,166.4,6.28,103.0,18.6,35.4,914.0,0
20207,174.6,7.81,107.0,21.9,52.9,1002.0,0
20208,180.8,5.81,154.0,18.0,41.6,552.0,0
20209,171.5,6.43,103.0,18.5,39.0,1033.0,0
20210,150.0,7.61,157.0,18.9,49.6,645.0,1
20211,160.2,6.22,110.0,19.7,39.1,1078.0,0
20212,177.2,7.67,95.0,20.8,36.3,1057.0,0
20213,168.4,8.85,112.0,18.2,44.2,1033.0,0
20214,154.5,8.47,114.0,13.9,39.7,822.0,0
20215,156.2,6.21,122.0,18.2,44.9,1077.0,0
20216,158.6,8.75,137.0,15.7,49.0,768.0,1
20217,181.2,8.3,131.0,17.0,52.5,579.0,0
20218,147.0,7.3,111.0,17.6,38.8,967.0,0
20219,169.1,5.63,88.0,19.6,51.5,965.0,1
20220,143.1,6.21,104.0,17.3,47.6,748.0,0
20221,191.3,6.48,120.0,21.4,43.4,542.0,0
20222,177.6,7.66,137.0,19.8,33.4,770.0,0
20223,177.8,6.76,103.0,20.5,50.4,751.0,0
20224,173.7,7.29,126.0,15.1,40.1,916.0,0
20225,152.2,7.09,112.0,17.1,42.0,614.0,0
20226,151.4,6.37,109.0,15.4,44.4,548.0,0
20227,163.7,7.92,136.0,18.4,40.1,849.0,0
20228,168.4,7.22,104.0,17.6,40.2,1003.0,0
20229,176.0,5.64,131.0,17.8,38.3,1002.0,0
20230,151.0,6.94,126.0,18.7,41.3,999.0,0
20231,164.9,7.17,118.0,17.5,42.5,780.0,0
20232,168.8,7.89,97.0,16.0,33.7,598.0,0
20233,190.9,6.89,135.0,18.4,43.5,851.0,1
20234,158.0,7.71,117.0,16.6,43.4,776.0,0
20235,155.7,7.7,109.0,15.7,46.1,1043.0,0
20236,156.4,6.66,95.0,15.2,48.0,995.0,0
20237,154.1,7.0,126.0,14.9,29.4,865.0,1
20238,171.7,7.93,101.0,20.3,33.5,809.0,0
20239,174.3,6.98,115.0,20.8,28.0,572.0,0
20240,178.7,8.11,125.0,18.8,41.9,867.0,0
20241,169.2,8.82,112.0,16.0,49.2,1039.0,1
20242,161.6,7.59,82.0,21.1,37.4,892.0,0
20243,170.6,7.87,108.0,15.3,36.5,800.0,0
20244,163.8,5.84,129.0,17.7,32.2,576.0,0
20245,162.7,8.24,115.0,16.0,50.0,1058.0,0
20246,165.3,7.76,128.0,14.3,36.0,588.0,0
20247,181.7,6.47,102.0,16.6,38.0,863.0,1
20248,155.5,8.12,116.0,19.3,39.5,1097.0,0
20249,173.4,6.23,134.0,16.6,60.7,778.0,0
20250,163.6,6.75,118.0,17.3,48.6,848.0,0
20251,187.1,6.67,115.0,22.4,42.8,706.0,0
20252,151.4,7.09,112.0,20.2,38.0,550.0,1
20253,162.4,6.12,121.0,16.6,35.8,915.0,0
20254,177.0,6.09,116.0,18.7,42.8,1093.0,1
20255,170.2,6.29,88.0,19.7,36.1,996.0,0
20256,170.7,5.99,109.0,18.9,44.3,1053.0,0
20257,178.2,6.82,125.0,20.6,54.8,777.0,0
20258,166.8,5.16,98.0,23.2,42.5,968.0,0
20259,158.4,8.32,127.0,16.1,36.7,960.0,0
20260,152.6,5.36,136.0,19.5,46.2,837.0,0
20261,170.1,6.01,99.0,17.7,35.0,975.0,0
20262,187.0,5.95,123.0,17.8,46.5,540.0,0
20263,162.2,7.52,114.0,13.3,37.9,620.0,0
20264,173.4,9.5,123.0,15.1,29.8,1042.0,1
20265,169.0,5.93,120.0,19.7,31.6,970.0,0
20266,174.1,7.23,137.0,15.7,41.5,955.0,0
20267,162.9,6.78,106.0,20.8,37.0,1009.0,0
20268,172.8,6.67,96.0,13.0,42.1,1025.0,0
20269,164.2,7.54,103.0,15.7,42.1,1064.0,0
20270,146.6,9.33,107.0,19.9,30.2,624.0,1
20271,174.6,8.01,91.0,17.1,50.7,601.0,0
20272,169.1,8.8,142.0,20.5,32.1,801.0,1
20273,177.1,7.2,120.0,19.0,52.0,1068.0,0
20274,180.6,8.43,96.0,14.7,28.0,683.0,0
20275,159.5,6.08,124.0,19.3,52.3,722.0,0
20276,162.1,7.22,103.0,15.7,34.4,812.0,0
20277,179.2,7.82,97.0,19.9,46.1,1067.0,0
20278,173.8,7.54,110.0,17.0,39.6,613.0,0
20279,170.9,7.95,137.0,16.7,30.7,632.0,0
20280,172.1,7.81,108.0,14.4,29.5,879.0,0
20281,159.0,8.41,121.0,18.2,40.4,704.0,0
20282,163.5,5.66,133.0,16.8,52.1,961.0,0
20283,165.8,6.75,120.0,15.7,44.9,634.0,0
20284,167.8,8.14,120.0,22.5,41.2,644.0,0
20285,144.9,6.58,112.0,16.8,45.6,1018.0,0
20286,159.9,6.4,119.0,19.6,43.9,982.0,0
20287,157.5,8.43,140.0,16.5,43.3,970.0,1
20288,159.9,5.88,90.0,17.3,46.7,729.0,0
20289,158.3,8.94,114.0,19.4,48.6,782.0,0
20290,176.6,5.58,112.0,16.2,40.4,652.0,0
20291,178.4,6.52,135.0,16.8,40.1,716.0,0
20292,185.3,6.9,137.0,19.8,51.6,658.0,0
20293,145.0,6.79,130.0,11.9,46.7,808.0,0
20294,162.9,8.72,134.0,13.9,42.3,629.0,0
20295,163.1,7.3,81.0,20.0,36.2,704.0,0
20296,184.7,7.69,139.0,20.4,46.7,866.0,0
20297,156.6,6.71,90.0,18.3,44.6,978.0,1
20298,159.8,8.0,97.0,16.6,32.7,711.0,0
20299,175.1,7.14,127.0,17.1,36.8,619.0,0
20300,159.3,5.93,93.0,17.8,37.6,934.0,0
20301,175.3,7.11,110.0,21.1,36.9,1084.0,0
20302,158.1,6.68,111.0,18.1,41.1,918.0,0
20303,184.6,8.49,119.0,13.8,33.9,607.0,0
20304,164.4,7.75,127.0,20.1,43.4,1072.0,0
20305,181.4,7.97,121.0,14.9,52.4,1046.0,1
20306,171.3,7.06,135.0,17.4,53.7,751.0,0
20307,173.9,8.41,100.0,18.5,40.5,561.0,0
20308,176.4,6.85,111.0,18.9,34.2,702.0,0
20309,178.3,7.1,110.0,19.0,41.9,553.0,1
20310,184.3,6.94,124.0,18.0,38.0,795.0,0
20311,148.5,7.72,110.0,18.3,40.8,780.0,0
20312,159.1,7.5,115.0,16.5,43.5,837.0,0
20313,162.3,5.51,117.0,14.5,46.3,604.0,0
20314,172.2,5.98,106.0,16.3,46.0,766.0,0
20315,171.2,9.03,124.0,19.3,38.8,820.0,0
20316,165.6,5.96,124.0,16.8,32.6,997.0,1
20317,176.8,6.68,133.0,17.4,32.0,976.0,0
20318,187.6,5.23,120.0,16.1,55.7,1077.0,1
20319,175.2,9.15,123.0,17.3,29.4,600.0,0
20320,154.1,7.96,127.0,17.3,33.9,697.0,0
20321,167.6,6.36,126.0,14.2,51.6,902.0,0
20322,170.8,8.89,105.0,18.1,41.7,874.0,1
20323,182.0,6.04,109.0,18.7,35.1,578.0,0
20324,159.7,6.46,100.0,17.8,51.5,566.0,0
20325,162.3,9.69,111.0,16.8,45.0,556.0,0
20326,157.4,8.24,128.0,18.0,39.0,878.0,0
20327,152.9,5.41,105.0,15.5,42.1,1079.0,1
20328,153.1,6.78,109.0,17.4,42.8,1047.0,1
20329,179.6,7.95,107.0,19.0,41.5,610.0,0
20330,171.5,6.51,102.0,16.1,50.5,545.0,0
20331,169.2,6.45,136.0,15.2,48.0,604.0,0
20332,159.1,5.39,127.0,17.5,37.0,759.0,0
20333,154.1,7.8,111.0,18.5,44.4,649.0,0
20334,169.4,6.83,104.0,19.7,42.5,602.0,0
20335,144.6,9.36,118.0,17.1,53.5,740.0,1
20336,170.2,6.7,123.0,19.4,55.2,550.0,0
20337,162.1,7.12,91.0,19.7,33.7,863.0,1
20338,154.4,6.56,114.0,22.0,46.9,1084.0,1
20339,168.3,5.0,100.0,16.5,38.7,944.0,0
20340,165.1,7.16,138.0,20.7,58.2,822.0,1
20341,186.7,7.44,129.0,18.2,46.0,987.0,0
20342,157.3,7.03,86.0,15.9,40.3,1003.0,0
20343,158.9,7.43,126.0,14.2,35.3,538.0,0
20344,170.9,5.23,107.0,17.7,34.8,761.0,1
20345,165.5,7.44,123.0,17.2,41.3,818.0,0
20346,178.7,8.1,97.0,16.7,34.4,1052.0,0
20347,171.6,5.21,126.0,21.8,31.2,891.0,1
20348,155.5,7.53,124.0,18.2,58.9,986.0,0
20349,168.3,7.45,112.0,16.7,32.1,736.0,0
20350,169.3,8.42,121.0,15.3,33.3,767.0,0
20351,169.9,8.74,88.0,15.6,52.2,533.0,1
20352,157.7,7.53,92.0,14.6,51.2,598.0,0
20353,162.1,8.39,125.0,24.4,44.5,774.0,0
20354,152.9,6.66,98.0,22.1,46.9,617.0,1
20355,153.3,7.56,132.0,17.0,35.8,537.0,0
20356,185.2,6.51,125.0,19.5,48.4,679.0,0
20357,172.7,7.89,93.0,16.6,53.3,766.0,0
20358,146.8,6.53,117.0,12.4,43.0,675.0,1
20359,176.6,6.32,125.0,15.0,43.3,822.0,0
20360,161.0,6.95,106.0,16.6,61.0,667.0,0
20361,175.8,7.61,96.0,20.1,41.4,968.0,0
20362,169.0,6.13,78.0,14.6,55.3,716.0,0
20363,161.7,7.58,119.0,19.4,39.3,949.0,0
20364,170.8,7.02,121.0,20.7,47.9,977.0,0
20365,161.3,9.35,122.0,16.3,39.4,574.0,0
20366,180.4,7.97,121.0,12.7,32.6,806.0,0
20367,167.1,6.57,108.0,17.6,46.7,996.0,0
20368,157.4,6.57,144.0,14.3,40.6,1001.0,0
20369,165.8,4.85,117.0,15.3,39.9,1093.0,1
20370,157.4,6.34,135.0,18.4,53.1,614.0,0
20371,150.4,5.74,113.0,18.8,37.3,622.0,0
20372,169.2,5.98,117.0,19.1,38.6,1049.0,0
20373,153.0,7.14,127.0,20.8,29.9,618.0,1
20374,172.1,7.1,115.0,20.0,40.0,859.0,0
20375,172.2,6.36,107.0,17.0,51.7,612.0,1
20376,180.8,7.15,105.0,15.8,34.4,789.0,0
20377,199.4,7.06,115.0,17.8,34.3,807.0,0
20378,190.2,8.09,106.0,17.6,28.0,590.0,0
20379,166.6,8.9,125.0,15.1,33.8,1076.0,0
20380,164.7,6.48,123.0,18.1,61.0,750.0,0
20381,149.7,6.24,87.0,17.1,52.1,914.0,0
20382,185.2,7.04,112.0,22.6,44.0,619.0,1
20383,167.8,6.08,145.0,18.7,45.9,656.0,1
20384,157.0,8.57,120.0,15.9,33.9,1070.0,0
20385,159.6,6.51,137.0,18.2,47.8,632.0,0
20386,169.8,7.26,120.0,16.4,40.3,883.0,0
20387,179.5,8.19,123.0,11.0,45.6,714.0,1
20388,164.7,7.09,122.0,11.9,47.5,903.0,0
20389,185.6,6.52,114.0,20.4,36.4,662.0,0
20390,158.0,8.65,115.0,17.8,53.3,881.0,0
20391,183.7,6.57,111.0,17.7,44.9,1027.0,0
20392,172.0,6.68,106.0,21.6,43.7,777.0,0
20393,181.8,6.77,117.0,14.3,45.2,698.0,0
20394,168.1,5.48,150.0,21.3,46.3,1008.0,0
20395,153.7,7.12,93.0,16.2,44.0,693.0,0
20396,173.3,6.58,126.0,17.3,36.5,682.0,0
20397,171.3,6.21,129.0,19.0,28.9,875.0,0
20398,171.2,6.52,104.0,20.1,30.6,687.0,0
20399,168.8,6.76,111.0,19.5,45.5,932.0,0
20400,169.3,8.78,113.0,16.6,44.6,784.0,0
20401,186.1,6.16,104.0,14.2,42.5,1022.0,1
20402,167.2,6.63,111.0,20.1,42.3,609.0,0
20403,158.5,6.27,125.0,15.2,42.5,1032.0,0
20404,156.3,7.58,129.0,18.5,41.1,841.0,0
20405,173.5,7.64,137.0,14.2,32.9,631.0,1
20406,162.2,7.84,98.0,20.3,46.3,709.0,0
20407,167.5,7.44,102.0,18.3,49.6,1039.0,0
20408,195.5,7.18,116.0,19.8,39.5,753.0,0
20409,162.8,7.89,136.0,20.2,34.8,619.0,0
20410,140.4,8.25,110.0,13.4,37.5,1047.0,0
20411,172.0,9.67,133.0,14.6,28.9,898.0,0
20412,164.1,8.29,125.0,17.4,40.4,884.0,0
20413,156.0,8.0,146.0,20.3,39.9,929.0,1
20414,169.0,6.36,113.0,21.2,54.8,572.0,0
20415,161.8,6.04,97.0,19.9,35.9,1046.0,0
20416,174.1,7.27,123.0,16.0,47.6,628.0,0
20417,179.0,8.66,118.0,19.8,53.0,630.0,0
20418,167.4,8.35,124.0,18.4,49.8,637.0,0
20419,157.7,7.37,129.0,14.1,35.3,862.0,0
20420,161.4,6.23,105.0,15.2,31.1,626.0,0
20421,159.8,7.18,118.0,14.4,47.2,925.0,0
20422,176.2,7.05,110.0,19.9,46.3,880.0,0
20423,169.9,7.03,109.0,16.5,40.1,667.0,0
20424,177.9,5.72,122.0,18.0,38.8,858.0,0
20425,176.1,7.68,122.0,19.1,38.8,1000.0,0
20426,176.3,7.16,122.0,18.3,45.0,942.0,0
20427,187.4,7.15,102.0,19.5,42.3,682.0,1
20428,151.0,7.12,112.0,19.0,41.3,1099.0,0
20429,159.8,7.96,133.0,21.3,50.9,981.0,0
20430,152.0,7.45,135.0,20.5,34.0,783.0,0
20431,172.6,8.86,122.0,17.7,42.8,702.0,0
20432,177.7,7.38,102.0,20.1,38.6,564.0,0
20433,185.2,6.94,131.0,22.5,35.5,912.0,0
20434,149.6,7.11,146.0,17.6,38.9,684.0,1
20435,187.0,6.36,120.0,20.6,50.9,623.0,1
20436,183.7,8.11,109.0,15.9,42.1,681.0,0
20437,160.8,6.18,119.0,16.6,28.1,731.0,0
20438,177.7,8.09,103.0,16.8,47.2,1046.0,0
20439,149.9,6.98,124.0,14.4,38.4,983.0,0
20440,158.9,8.03,134.0,14.4,42.0,974.0,0
20441,169.9,8.08,113.0,16.7,44.9,770.0,0
20442,178.1,5.82,126.0,19.4,45.4,691.0,0
20443,168.4,7.67,122.0,18.1,52.4,700.0,0
20444,169.3,6.02,97.0,16.8,45.2,607.0,0
20445,176.3,6.05,120.0,14.4,53.4,649.0,0
20446,153.3,6.9,86.0,16.2,42.8,971.0,0
20447,171.5,9.13,134.0,17.7,53.0,1084.0,0
20448,179.6,7.92,124.0,16.3,47.5,851.0,0
20449,175.2,6.56,110.0,16.7,55.6,614.0,0
20450,162.2,6.97,120.0,17.0,41.6,791.0,0
20451,172.9,7.08,116.0,21.8,32.1,542.0,0
20452,165.4,5.84,113.0,15.1,41.8,639.0,1
20453,149.8,7.38,111.0,14.6,28.0,653.0,0
20454,176.9,6.99,114.0,18.1,43.4,891.0,0
20455,150.6,6.02,133.0,15.9,28.0,1067.0,0
20456,186.9,6.84,137.0,17.5,50.6,977.0,0
20457,150.8,8.05,109.0,16.9,32.8,819.0,0
20458,168.2,7.84,123.0,16.2,41.1,774.0,0
20459,143.5,6.91,116.0,21.3,40.5,886.0,1
20460,173.8,6.31,122.0,15.9,30.3,1081.0,0
20461,164.1,7.92,103.0,19.0,41.6,896.0,0
20462,163.2,7.63,137.0,17.6,37.9,996.0,0
20463,184.2,7.99,115.0,18.0,28.4,775.0,0
20464,183.3,6.05,132.0,20.3,43.0,568.0,0
20465,175.8,6.71,114.0,19.7,39.9,772.0,0
20466,172.7,6.79,129.0,13.6,41.5,1091.0,0
20467,158.6,6.44,100.0,19.3,55.6,1040.0,0
20468,160.1,7.17,113.0,20.2,53.5,976.0,0
20469,158.6,7.13,129.0,17.3,44.0,670.0,0
20470,173.9,6.97,120.0,16.6,42.0,659.0,0
20471,166.5,7.75,114.0,18.5,43.3,880.0,0
20472,165.8,6.42,121.0,16.5,42.3,923.0,0
20473,183.3,9.45,110.0,20.2,51.3,933.0,0
20474,181.6,7.21,122.0,20.2,36.4,945.0,0
20475,177.2,7.0,112.0,15.5,43.6,694.0,0
20476,185.9,7.09,112.0,22.9,51.5,902.0,0
20477,159.9,5.74,118.0,17.2,37.0,965.0,0
20478,177.8,6.58,121.0,20.3,44.1,883.0,0
20479,186.3,6.24,95.0,17.6,40.5,998.0,0
20480,160.8,7.83,106.0,18.0,44.2,546.0,0
20481,153.0,8.05,136.0,15.5,40.4,870.0,1
20482,162.9,6.95,108.0,17.8,44.9,671.0,0
20483,162.5,7.48,106.0,18.0,39.8,684.0,0
20484,179.6,8.15,125.0,20.7,40.4,700.0,1
20485,165.6,6.22,119.0,16.4,34.9,793.0,0
20486,162.9,7.79,141.0,15.3,39.2,806.0,0
20487,172.0,6.61,128.0,16.0,40.9,854.0,0
20488,147.5,7.85,102.0,18.5,36.7,845.0,0
20489,183.7,8.29,142.0,16.4,30.1,563.0,0
20490,171.6,7.28,123.0,18.1,43.6,1076.0,0
20491,172.6,6.35,78.0,18.3,46.5,603.0,0
20492,168.4,5.7,128.0,14.5,48.8,820.0,0
20493,178.5,8.6,128.0,16.9,47.3,897.0,0
20494,179.6,6.6,129.0,20.7,36.7,711.0,0
20495,170.9,7.55,125.0,17.5,38.9,651.0,0
20496,178.6,6.58,86.0,15.6,29.4,645.0,0
20497,161.6,7.91,100.0,19.2,52.2,1019.0,0
20498,168.4,7.38,142.0,14.3,32.2,919.0,0
20499,155.2,7.86,111.0,20.6,45.4,954.0,0
20500,141.6,8.59,118.0,15.7,53.2,977.0,0
20501,172.2,6.84,106.0,14.4,36.7,659.0,0
20502,160.1,7.14,128.0,18.6,43.2,656.0,0
20503,157.4,7.65,117.0,16.8,33.4,923.0,0
20504,167.9,7.75,114.0,19.4,47.7,553.0,0
20505,164.5,6.18,127.0,18.9,41.9,763.0,0
20506,169.8,8.07,120.0,20.1,39.9,787.0,0
20507,170.4,8.03,116.0,15.8,36.4,827.0,1
20508,159.8,6.76,110.0,13.3,32.8,833.0,0
20509,158.7,7.26,119.0,16.9,48.1,711.0,0
20510,178.5,6.74,125.0,19.1,37.7,818.0,0
20511,145.7,7.22,119.0,17.4,39.2,637.0,1
20512,167.1,7.51,137.0,15.3,42.0,541.0,0
20513,175.5,6.96,114.0,14.5,34.3,731.0,0
20514,156.5,6.67,112.0,18.3,52.4,822.0,0
20515,188.9,6.42,102.0,15.3,50.6,692.0,1
20516,180.2,6.68,141.0,20.9,52.7,1027.0,0
20517,178.9,6.9,114.0,19.5,46.6,836.0,0
20518,170.2,8.52,126.0,18.4,39.5,713.0,0
20519,165.5,7.2,128.0,17.6,37.2,934.0,0
20520,174.4,6.69,105.0,16.2,34.3,771.0,0
20521,178.1,5.7,131.0,16.7,49.0,1081.0,0
20522,168.5,6.17,123.0,18.9,38.6,588.0,0
20523,140.0,5.19,123.0,19.1,35.4,607.0,1
20524,149.1,7.08,133.0,18.0,52.6,930.0,0
20525,176.3,5.32,128.0,19.8,45.4,714.0,1
20526,156.8,7.67,122.0,15.8,44.1,762.0,0
20527,167.5,6.92,87.0,19.7,50.6,882.0,0
20528,166.9,9.9,114.0,18.0,47.3,917.0,1
20529,153.7,7.38,117.0,20.1,28.0,626.0,0
20530,175.5,8.53,148.0,21.4,58.1,699.0,0
20531,159.4,6.7,94.0,15.4,37.9,946.0,0
20532,173.1,8.34,100.0,16.5,41.3,613.0,0
20533,156.4,7.05,127.0,20.2,49.7,952.0,0
20534,149.2,8.03,101.0,15.2,33.2,761.0,0
20535,173.0,6.77,123.0,17.1,43.1,947.0,0
20536,169.3,9.58,143.0,17.4,50.8,752.0,0
20537,178.0,7.41,118.0,16.7,43.9,861.0,0
20538,148.0,5.15,119.0,16.0,56.1,971.0,1
20539,195.5,7.06,109.0,15.8,41.8,679.0,0
20540,144.9,6.82,107.0,19.1,43.3,854.0,0
20541,161.1,7.66,114.0,17.6,38.5,555.0,0
20542,164.6,8.11,107.0,20.9,36.5,973.0,0
20543,161.0,6.7,123.0,19.8,28.0,973.0,0
20544,163.2,5.2,110.0,15.8,39.4,570.0,1
20545,181.6,7.53,85.0,12.4,37.3,793.0,0
20546,168.2,7.93,117.0,18.8,34.5,1010.0,0
20547,180.7,6.57,143.0,15.1,31.3,584.0,0
20548,180.9,7.24,123.0,19.0,54.0,995.0,0
20549,170.1,6.72,128.0,18.9,36.7,609.0,0
20550,152.5,6.57,121.0,15.5,32.0,927.0,0
20551,174.4,7.63,114.0,16.8,35.6,724.0,1
20552,171.5,7.12,126.0,17.1,45.8,531.0,0
20553,160.9,7.69,109.0,17.6,36.5,601.0,0
20554,176.4,7.89,115.0,16.9,29.6,993.0,0
20555,163.1,6.85,106.0,18.3,43.7,874.0,0
20556,188.7,8.55,122.0,16.9,36.5,702.0,0
20557,170.1,6.32,105.0,12.3,38.4,543.0,0
20558,170.6,6.4,148.0,15.3,38.0,785.0,1
20559,168.5,7.44,95.0,13.7,48.7,784.0,0
20560,157.0,8.14,101.0,18.3,37.8,1099.0,0
20561,171.4,7.93,107.0,13.9,41.6,741.0,0
20562,174.3,8.08,100.0,18.5,39.8,636.0,1
20563,177.6,5.57,82.0,17.4,47.8,684.0,1
20564,169.7,6.87,106.0,17.2,48.7,949.0,0
20565,179.8,7.53,100.0,15.1,48.5,934.0,0
20566,140.0,8.75,127.0,16.6,43.0,804.0,0
20567,162.3,7.2,108.0,13.9,48.1,1058.0,0
20568,160.8,6.72,112.0,18.0,46.9,999.0,0
20569,172.3,7.27,125.0,18.8,42.9,863.0,0
20570,176.5,6.58,117.0,19.9,34.6,855.0,0
20571,159.8,6.33,123.0,24.8,29.7,641.0,0
20572,170.8,8.54,126.0,15.2,56.7,1015.0,0
20573,168.8,7.37,125.0,16.1,45.2,906.0,0
20574,178.6,7.45,123.0,20.1,36.5,570.0,0
20575,168.7,6.35,141.0,15.0,42.7,1005.0,0
20576,165.5,6.12,118.0,19.8,35.7,772.0,0
20577,151.3,8.32,111.0,20.1,39.6,1087.0,1
20578,163.0,6.45,117.0,16.8,37.7,802.0,0
20579,177.7,6.76,105.0,14.1,52.5,676.0,0
20580,193.3,8.89,111.0,22.1,43.7,753.0,1
20581,173.2,7.15,131.0,13.8,37.8,657.0,0
20582,169.1,6.54,87.0,19.7,34.1,934.0,1
20583,164.2,8.37,138.0,21.1,37.0,606.0,0
20584,173.6,5.27,123.0,17.9,48.3,701.0,0
20585,177.1,8.58,86.0,20.5,33.5,793.0,1
20586,154.0,8.3,121.0,18.0,40.0,597.0,0
20587,171.3,7.01,113.0,15.6,43.7,613.0,0
20588,170.8,8.25,123.0,17.2,41.8,860.0,0
20589,169.2,5.8,102.0,14.5,36.8,964.0,0
20590,162.5,5.59,91.0,14.7,47.1,576.0,1
20591,175.2,6.04,94.0,16.9,32.9,1083.0,0
20592,174.6,8.05,120.0,15.0,46.0,796.0,0
20593,185.1,6.79,122.0,17.2,46.7,757.0,0
20594,165.1,7.33,110.0,19.8,32.9,957.0,0
20595,169.5,9.75,106.0,16.7,34.6,1027.0,1
20596,164.3,7.78,114.0,20.4,50.0,720.0,0
20597,153.6,6.4,128.0,16.2,28.0,810.0,0
20598,173.4,7.76,130.0,20.1,35.4,741.0,0
20599,173.0,6.64,121.0,19.1,47.9,1002.0,0
20600,173.9,6.27,121.0,18.1,30.1,647.0,0
20601,173.0,6.31,107.0,15.5,40.2,576.0,0
20602,177.7,5.66,134.0,15.4,41.8,765.0,0
20603,166.7,6.92,103.0,15.8,41.2,898.0,0
20604,158.3,6.93,132.0,17.8,40.2,927.0,0
20605,165.1,6.42,144.0,18.5,50.9,1062.0,1
20606,183.7,8.09,132.0,16.2,29.1,904.0,0
20607,170.7,5.89,128.0,16.8,52.0,841.0,0
20608,165.7,6.36,114.0,18.9,35.5,1099.0,0
20609,150.1,7.15,140.0,18.2,38.8,550.0,0
20610,174.6,7.44,99.0,19.8,32.2,1020.0,0
20611,162.6,6.81,88.0,20.0,34.8,998.0,0
20612,168.7,6.89,109.0,21.9,37.7,880.0,0
20613,164.1,6.8,104.0,19.8,45.2,548.0,0
20614,185.6,7.62,119.0,17.1,48.3,1081.0,0
20615,161.9,6.33,122.0,13.8,50.6,966.0,1
20616,178.0,6.4,136.0,18.6,40.4,1070.0,0
20617,152.3,7.1,140.0,19.2,32.3,1010.0,0
20618,171.5,6.85,117.0,19.4,51.2,664.0,0
20619,166.5,7.05,130.0,17.7,55.7,601.0,0
20620,158.4,7.43,147.0,17.2,48.4,974.0,0
20621,174.7,6.61,102.0,19.3,40.0,1092.0,0
20622,173.5,7.15,136.0,21.2,45.7,533.0,0
20623,156.8,7.94,112.0,19.2,35.4,945.0,0
20624,160.3,7.55,115.0,15.1,48.7,915.0,0
20625,165.6,9.66,121.0,18.7,41.8,1045.0,1
20626,164.4,7.21,105.0,19.8,41.7,934.0,0
20627,159.1,7.04,102.0,19.7,38.2,770.0,0
20628,165.4,9.58,121.0,17.0,35.4,668.0,0
20629,154.9,7.99,130.0,19.0,31.4,911.0,0
20630,146.3,7.43,94.0,18.3,40.7,1054.0,0
20631,183.9,8.89,78.0,13.6,28.0,910.0,1
20632,180.4,5.73,132.0,14.1,36.8,772.0,0
20633,162.1,8.65,125.0,20.4,30.5,1065.0,0
20634,176.3,5.89,125.0,19.4,44.7,675.0,0
20635,164.6,6.36,118.0,22.9,45.8,581.0,0
20636,188.6,7.7,110.0,18.1,36.8,713.0,0
20637,163.6,7.22,105.0,17.0,37.7,863.0,0
20638,176.1,7.34,107.0,15.2,41.5,759.0,0
20639,175.9,7.06,107.0,14.2,46.2,885.0,0
20640,164.4,6.85,115.0,18.6,45.4,1045.0,0
20641,172.8,7.68,97.0,21.2,34.0,722.0,0
20642,181.9,8.7,139.0,20.6,36.0,1023.0,1
20643,169.1,7.28,94.0,19.9,45.1,885.0,0
20644,148.2,7.01,128.0,14.8,49.7,896.0,0
20645,165.0,6.81,117.0,21.1,48.7,969.0,0
20646,165.7,5.1,80.0,19.6,43.5,631.0,0
20647,177.4,6.22,113.0,19.5,47.0,930.0,0
20648,165.8,5.54,96.0,19.0,52.5,723.0,1
20649,153.3,8.08,110.0,17.2,49.2,545.0,0
20650,162.4,6.41,107.0,17.2,28.2,920.0,0
20651,155.3,7.07,130.0,19.5,45.4,591.0,0
20652,150.8,7.22,124.0,17.5,51.1,699.0,0
20653,183.2,8.55,124.0,19.0,43.2,965.0,1
20654,151.1,8.66,106.0,17.3,38.1,975.0,0
20655,152.2,6.17,111.0,14.3,39.0,836.0,1
20656,179.4,7.65,103.0,22.5,38.7,859.0,0
20657,166.3,6.4,122.0,18.3,40.7,624.0,0
20658,165.1,7.05,110.0,17.9,41.9,810.0,0
20659,161.4,7.49,129.0,22.9,28.1,978.0,0
20660,172.7,6.6,88.0,15.7,52.2,1010.0,0
20661,160.8,7.06,119.0,15.2,49.8,1062.0,0
20662,182.5,7.66,132.0,16.6,48.8,784.0,0
20663,152.9,7.1,105.0,21.8,31.6,739.0,0
20664,172.1,5.5,128.0,18.8,34.4,823.0,0
20665,167.7,8.57,106.0,12.9,30.9,787.0,0
20666,178.1,6.33,113.0,16.8,31.4,574.0,0
20667,180.5,7.64,88.0,17.0,41.0,878.0,0
20668,156.2,6.2,106.0,21.3,51.9,1070.0,0
20669,176.3,8.14,124.0,16.5,46.0,1019.0,0
20670,188.2,6.99,106.0,20.5,43.0,862.0,0
20671,160.5,8.07,110.0,17.1,43.3,1059.0,0
20672,164.4,8.04,97.0,17.2,41.4,906.0,0
20673,162.5,6.11,117.0,20.2,36.2,560.0,0
20674,153.2,6.85,96.0,17.7,38.2,1091.0,0
20675,190.6,7.31,99.0,18.7,38.4,624.0,0
20676,155.5,7.21,89.0,24.1,30.9,822.0,0
20677,168.7,6.75,104.0,17.7,37.0,906.0,0
20678,162.6,8.04,124.0,18.9,28.0,532.0,0
20679,162.7,7.21,125.0,19.3,32.6,1001.0,0
20680,156.3,9.37,114.0,13.5,36.3,1009.0,1
20681,170.7,6.45,113.0,19.5,47.0,538.0,1
20682,160.9,8.15,119.0,15.9,42.1,628.0,0
20683,178.0,7.0,106.0,20.2,41.8,1025.0,0
20684,191.9,7.0,109.0,16.1,44.1,587.0,1
20685,159.8,5.82,123.0,19.0,38.3,1058.0,0
20686,172.3,7.34,116.0,18.1,39.1,597.0,0
20687,166.4,5.61,119.0,18.8,40.2,798.0,1
20688,165.8,6.95,130.0,13.8,32.7,1090.0,0
20689,160.1,8.3,108.0,16.4,36.7,719.0,0
20690,154.1,7.39,120.0,18.2,48.8,1058.0,0
20691,146.4,7.32,105.0,12.5,31.8,957.0,1
20692,184.9,8.47,122.0,13.3,36.1,598.0,0
20693,156.1,6.9,104.0,20.9,45.4,933.0,0
20694,161.5,7.76,127.0,20.1,39.8,955.0,0
20695,166.6,7.47,137.0,17.8,52.6,943.0,0
20696,157.5,6.32,136.0,14.4,37.3,919.0,0
20697,192.7,7.16,123.0,21.5,47.6,902.0,1
20698,171.2,7.97,103.0,19.5,33.2,1093.0,0
20699,178.4,7.68,145.0,16.2,36.5,862.0,1
20700,163.5,6.77,129.0,21.3,35.2,795.0,0
20701,169.3,6.27,111.0,16.3,34.0,591.0,0
20702,165.9,8.04,101.0,17.4,34.3,782.0,0
20703,159.1,6.1,104.0,16.9,46.8,553.0,0
20704,185.3,7.52,118.0,19.3,46.0,586.0,0
20705,181.3,7.71,122.0,23.1,37.3,1002.0,1
20706,165.7,7.42,104.0,20.5,28.0,652.0,0
20707,164.4,7.3,120.0,18.4,42.5,774.0,0
20708,179.7,5.87,98.0,11.8,54.9,915.0,1
20709,149.4,7.64,93.0,15.0,43.1,1076.0,0
20710,164.3,8.79,136.0,18.8,45.8,721.0,0
20711,172.5,6.3,98.0,16.3,43.6,940.0,0
20712,162.1,6.64,113.0,15.2,42.0,1054.0,0
20713,172.1,8.54,94.0,20.5,55.0,838.0,0
20714,178.4,7.39,120.0,19.5,47.2,750.0,0
20715,165.7,7.02,94.0,17.3,37.5,621.0,0
20716,160.0,7.86,128.0,22.9,46.7,585.0,0
20717,163.1,8.15,112.0,15.7,28.0,1087.0,0
20718,171.7,7.24,104.0,17.4,41.0,975.0,0
20719,155.6,7.77,136.0,15.5,41.7,695.0,0
20720,168.6,6.48,127.0,17.7,45.9,888.0,0
20721,177.8,7.06,114.0,22.6,51.0,588.0,0
20722,172.4,7.93,99.0,18.1,40.6,901.0,0
20723,163.0,8.21,129.0,18.5,58.7,984.0,0
20724,171.8,8.9,88.0,18.0,28.0,1048.0,1
20725,161.8,7.22,93.0,17.9,49.7,1070.0,0
20726,171.2,7.62,95.0,23.1,47.2,725.0,0
20727,166.5,7.31,117.0,14.7,31.6,908.0,0
20728,172.9,8.22,106.0,19.7,45.0,744.0,0
20729,166.7,7.79,109.0,17.0,39.2,1039.0,0
20730,175.7,6.26,129.0,18.8,48.7,618.0,0
20731,156.1,6.11,105.0,16.3,54.7,1085.0,0
20732,181.6,8.19,129.0,17.5,28.8,990.0,0
20733,181.4,6.9,116.0,20.4,38.9,569.0,0
20734,165.2,6.3,122.0,16.6,54.3,1088.0,0
20735,156.2,6.33,98.0,20.9,37.7,752.0,1
20736,166.7,7.03,130.0,21.6,52.9,954.0,0
20737,180.2,6.52,107.0,18.5,34.9,738.0,0
20738,164.0,7.9,122.0,15.4,54.9,736.0,0
20739,169.2,7.16,127.0,18.4,28.0,1088.0,0
20740,174.3,6.23,133.0,13.8,52.5,699.0,0
20741,186.0,6.53,95.0,21.6,45.0,1016.0,0
20742,168.0,7.08,153.0,22.7,48.5,596.0,0
20743,175.8,6.5,95.0,21.3,38.3,619.0,1
20744,157.8,6.76,117.0,15.3,48.4,700.0,0
20745,170.3,5.53,128.0,18.5,47.5,881.0,0
20746,173.1,7.0,98.0,18.3,44.0,914.0,0
20747,165.0,8.24,122.0,19.2,46.7,698.0,0
20748,174.3,6.37,96.0,18.4,43.7,608.0,0
20749,186.4,7.85,118.0,17.3,36.0,918.0,0
20750,166.5,6.67,119.0,21.1,43.9,797.0,1
20751,181.0,8.37,104.0,18.2,37.8,921.0,0
20752,142.3,6.44,108.0,16.6,42.2,784.0,0
20753,165.7,8.66,117.0,16.6,41.4,731.0,0
20754,167.1,6.53,107.0,19.2,34.3,605.0,0
20755,154.5,5.86,119.0,16.8,56.1,967.0,0
20756,162.1,6.77,122.0,19.3,33.9,763.0,0
20757,161.3,6.23,86.0,17.1,49.0,769.0,0
20758,159.9,6.98,123.0,15.9,39.5,808.0,0
20759,158.6,7.33,130.0,20.2,45.3,662.0,0
20760,164.0,6.86,118.0,18.8,42.1,595.0,0
20761,181.7,7.93,100.0,23.1,49.0,862.0,1
20762,176.1,7.35,123.0,15.2,50.3,703.0,0
20763,163.1,6.0,134.0,16.1,35.8,892.0,0
20764,163.8,6.65,85.0,13.9,40.4,860.0,0
20765,152.5,5.73,78.0,15.6,34.9,1030.0,0
20766,174.0,7.85,137.0,17.2,39.1,618.0,0
20767,180.7,8.68,126.0,16.8,38.2,670.0,0
20768,154.6,7.14,80.0,13.0,40.2,586.0,0
20769,171.1,6.65,112.0,18.1,44.7,1055.0,0
20770,181.2,7.04,110.0,17.7,37.7,671.0,0
20771,171.0,6.45,121.0,15.6,43.7,1022.0,0
20772,170.2,7.9,105.0,17.6,43.9,790.0,0
20773,190.0,8.39,95.0,18.0,36.2,786.0,0
20774,164.6,7.23,106.0,18.0,41.6,1045.0,0
20775,157.9,5.47,103.0,20.6,35.0,659.0,1
20776,195.1,7.83,128.0,14.9,43.8,718.0,0
20777,170.2,5.44,113.0,15.1,39.8,693.0,0
20778,151.7,8.25,110.0,14.2,38.4,901.0,0
20779,163.0,6.57,97.0,20.9,40.5,638.0,0
20780,162.8,8.08,133.0,15.3,35.6,834.0,0
20781,163.1,5.8,119.0,20.2,40.9,805.0,0
20782,170.0,7.46,104.0,18.8,37.7,1022.0,0
20783,171.4,7.39,120.0,18.9,48.2,743.0,0
20784,161.8,7.52,123.0,19.0,55.9,610.0,0
20785,178.0,6.81,125.0,17.9,42.5,1023.0,0
20786,151.1,7.61,100.0,19.6,33.8,886.0,0
20787,159.6,5.09,116.0,17.9,34.4,558.0,0
20788,170.1,7.2,131.0,21.1,42.8,718.0,1
20789,164.0,6.71,110.0,19.6,54.9,782.0,0
20790,173.2,6.75,113.0,14.5,40.7,1080.0,1
20791,148.3,6.27,121.0,16.7,40.4,970.0,0
20792,154.8,6.83,110.0,15.4,46.3,547.0,0
20793,143.8,7.97,95.0,17.9,33.7,1001.0,0
20794,171.3,8.19,140.0,19.6,31.2,1020.0,1
20795,182.1,9.26,107.0,16.7,45.2,574.0,0
20796,166.5,7.24,106.0,18.0,36.9,841.0,0
20797,180.8,7.03,93.0,15.3,36.1,538.0,0
20798,178.9,7.01,106.0,17.4,36.8,770.0,0
20799,164.3,6.44,85.0,22.2,38.7,791.0,0
20800,170.2,6.94,144.0,15.9,55.8,731.0,0
20801,163.0,6.85,110.0,20.6,32.9,574.0,0
20802,171.1,6.25,122.0,19.7,42.0,1041.0,0
20803,152.4,7.08,94.0,20.5,50.2,984.0,0
20804,176.6,6.46,119.0,22.6,53.0,645.0,0
20805,185.6,6.39,116.0,17.5,47.6,546.0,0
20806,165.8,7.13,132.0,16.2,34.9,577.0,0
20807,155.0,7.39,116.0,16.9,37.6,959.0,0
20808,168.4,5.31,114.0,15.7,58.1,662.0,0
20809,146.3,9.15,105.0,15.5,37.7,1020.0,1
20810,174.9,6.3,115.0,18.7,37.1,1028.0,1
20811,184.7,7.73,132.0,16.8,41.5,788.0,0
20812,180.7,7.8,132.0,15.8,38.6,775.0,0
20813,174.8,7.19,100.0,17.9,39.6,980.0,0
20814,169.0,5.74,118.0,19.8,28.0,606.0,0
20815,176.8,5.64,125.0,20.5,37.5,1067.0,1
20816,173.0,5.58,127.0,19.8,40.9,943.0,1
20817,178.0,7.53,126.0,15.3,35.5,653.0,0
20818,169.4,7.15,110.0,13.0,31.9,582.0,0
20819,183.5,7.37,78.0,13.9,46.7,1087.0,0
20820,174.6,5.82,103.0,25.2,35.3,707.0,1
20821,179.6,5.83,128.0,15.6,50.1,551.0,0
20822,155.7,6.13,126.0,19.3,43.6,614.0,0
20823,187.7,8.14,120.0,14.7,36.0,880.0,1
20824,154.9,6.65,106.0,22.4,50.2,853.0,0
20825,170.9,6.52,142.0,18.0,49.1,532.0,1
20826,161.2,6.65,139.0,19.1,42.0,1049.0,0
20827,184.3,6.59,137.0,21.2,41.8,1006.0,0
20828,160.1,6.88,109.0,17.1,39.7,1024.0,0
20829,169.5,7.79,103.0,22.3,35.4,728.0,0
20830,162.7,8.61,140.0,17.9,48.0,1072.0,0
20831,155.6,8.04,117.0,14.6,33.9,653.0,0
20832,176.0,6.42,121.0,19.2,38.3,853.0,1
20833,169.4,6.43,111.0,17.0,49.8,878.0,0
20834,171.0,7.52,96.0,17.8,44.8,621.0,0
20835,165.6,8.35,113.0,15.1,28.0,691.0,0
20836,169.0,7.77,110.0,19.3,43.0,542.0,0
20837,193.4,4.66,121.0,17.0,42.2,1018.0,1
20838,181.0,9.48,109.0,14.2,52.4,567.0,1
20839,171.8,7.62,121.0,16.7,40.6,532.0,0
20840,163.1,7.15,134.0,17.4,42.7,1028.0,0
20841,172.7,6.57,118.0,13.0,53.1,572.0,0
20842,166.2,8.76,122.0,14.3,38.7,574.0,0
20843,159.8,7.02,113.0,18.6,37.6,885.0,0
20844,146.3,7.22,126.0,16.5,28.0,1086.0,0
20845,177.2,8.55,115.0,16.7,44.4,548.0,0
20846,166.9,7.25,122.0,14.2,31.4,824.0,0
20847,185.1,8.75,120.0,17.3,35.9,680.0,0
20848,157.3,6.75,103.0,16.7,37.4,538.0,0
20849,155.6,6.38,110.0,16.0,37.1,1081.0,0
20850,166.3,6.46,124.0,14.1,40.2,781.0,0
20851,183.0,7.79,126.0,20.3,41.7,624.0,0
20852,174.5,6.95,103.0,17.7,50.1,636.0,0
20853,178.2,8.09,109.0,17.3,51.8,719.0,0
20854,176.7,8.0,127.0,16.2,44.7,930.0,0
20855,179.2,9.05,113.0,18.3,49.8,1085.0,1
20856,166.2,7.05,121.0,18.3,59.7,878.0,0
20857,157.1,6.54,115.0,16.2,29.8,652.0,0
20858,169.0,7.86,122.0,17.3,37.7,784.0,0
20859,176.1,7.99,132.0,18.1,51.1,561.0,1
20860,153.9,8.02,118.0,17.2,39.6,1090.0,0
20861,169.4,8.33,105.0,21.5,50.6,1004.0,0
20862,164.4,5.55,116.0,15.5,32.2,761.0,0
20863,152.6,8.2,127.0,15.3,39.0,853.0,0
20864,170.2,7.47,122.0,13.4,56.6,1044.0,0
20865,167.8,7.75,97.0,17.3,33.9,976.0,0
20866,158.8,7.17,131.0,21.4,38.7,664.0,0
20867,171.3,7.11,103.0,22.7,47.9,727.0,0
20868,162.1,7.85,104.0,20.4,40.4,909.0,0
20869,153.3,6.65,117.0,18.1,47.4,1029.0,0
20870,174.4,6.92,146.0,17.9,33.1,589.0,0
20871,166.4,6.38,118.0,17.2,36.7,597.0,0
20872,168.5,8.13,110.0,17.0,32.6,845.0,0
20873,165.4,5.84,96.0,18.4,61.1,773.0,0
20874,162.0,7.32,126.0,17.0,39.9,964.0,0
20875,197.3,6.87,128.0,20.8,45.4,790.0,1
20876,173.5,5.75,122.0,18.7,39.2,824.0,0
20877,179.0,7.72,128.0,17.9,49.5,972.0,0
20878,183.0,7.32,124.0,21.5,36.9,1028.0,0
20879,164.7,7.87,94.0,21.4,39.6,977.0,0
20880,164.9,8.8,110.0,16.3,41.4,845.0,0
20881,162.6,7.24,140.0,17.5,39.6,644.0,0
20882,168.1,7.4,97.0,15.4,52.4,839.0,0
20883,149.9,8.38,99.0,18.4,34.6,558.0,1
20884,174.5,6.86,88.0,21.7,48.5,694.0,0
20885,168.5,7.0,126.0,16.1,40.4,1088.0,0
20886,176.1,6.37,116.0,15.2,50.5,816.0,0
20887,163.8,7.34,134.0,16.7,53.8,653.0,0
20888,187.8,7.6,89.0,17.9,48.4,738.0,0
20889,175.8,8.32,103.0,20.0,47.9,577.0,0
20890,179.2,7.45,92.0,15.8,38.3,959.0,0
20891,150.0,8.05,145.0,15.8,51.3,720.0,0
20892,188.0,6.74,109.0,17.7,40.8,806.0,0
20893,157.6,7.54,105.0,14.4,55.4,867.0,0
20894,164.1,6.31,109.0,16.2,31.9,923.0,0
20895,159.9,7.67,117.0,20.5,28.0,860.0,0
20896,165.7,8.64,126.0,15.5,42.3,1056.0,1
20897,173.7,5.71,127.0,20.3,31.3,973.0,0
20898,160.3,6.78,104.0,16.5,41.7,954.0,1
20899,152.3,6.01,114.0,18.6,38.1,995.0,0
20900,153.0,7.81,129.0,20.1,35.8,740.0,0
20901,173.5,9.19,93.0,17.5,40.5,744.0,0
20902,164.0,6.29,144.0,19.1,44.7,904.0,0
20903,158.7,5.95,101.0,19.7,39.1,645.0,0
20904,156.1,7.87,110.0,18.5,40.0,862.0,0
20905,168.8,6.26,123.0,15.6,49.8,743.0,0
20906,180.0,7.27,152.0,15.1,41.9,828.0,0
20907,164.3,7.28,131.0,18.4,52.2,934.0,0
20908,156.6,7.24,115.0,20.5,49.9,896.0,0
20909,171.0,7.67,103.0,17.1,35.6,1015.0,0
20910,175.3,6.58,86.0,16.4,44.4,763.0,1
20911,173.2,6.59,119.0,16.3,49.1,770.0,0
20912,167.1,6.86,118.0,17.5,33.7,944.0,0
20913,158.0,8.35,102.0,16.7,44.0,1015.0,0
20914,173.1,8.04,123.0,15.8,41.0,573.0,0
20915,189.3,6.84,136.0,19.4,38.3,914.0,1
20916,156.2,6.06,122.0,21.0,51.5,634.0,0
20917,154.0,8.15,133.0,18.2,54.1,1040.0,0
20918,150.7,8.02,91.0,21.6,54.7,967.0,1
20919,161.5,6.31,117.0,19.1,53.3,1008.0,0
20920,154.7,7.24,93.0,15.4,40.6,846.0,0
20921,176.2,8.54,117.0,17.5,45.3,761.0,0
20922,152.4,7.54,147.0,19.6,34.5,819.0,0
20923,168.1,8.73,126.0,15.7,39.2,722.0,0
20924,168.3,7.04,137.0,18.1,38.5,950.0,0
20925,170.1,7.72,108.0,14.4,43.9,1086.0,1
20926,156.9,8.98,102.0,15.8,35.1,1037.0,0
20927,170.9,8.52,137.0,15.5,48.8,746.0,0
20928,189.6,7.83,131.0,14.3,45.2,997.0,0
20929,171.5,8.11,129.0,20.5,28.0,602.0,0
20930,179.6,9.13,114.0,11.4,49.9,1008.0,0
20931,165.8,6.27,87.0,19.5,50.5,785.0,0
20932,165.2,7.46,100.0,19.5,59.1,1022.0,0
20933,173.9,6.73,94.0,14.6,31.0,722.0,0
20934,178.7,6.54,116.0,16.8,40.3,657.0,0
20935,155.3,7.99,125.0,20.8,52.9,741.0,0
20936,179.9,7.08,124.0,20.0,49.9,749.0,0
20937,172.0,8.09,113.0,20.3,33.2,906.0,0
20938,175.0,7.68,81.0,16.0,43.6,684.0,0
20939,146.2,6.6,137.0,18.3,35.7,958.0,1
20940,164.3,7.46,128.0,19.5,36.5,875.0,0
20941,155.2,8.29,112.0,15.2,36.7,1092.0,1
20942,176.1,6.08,123.0,13.8,43.2,1003.0,1
20943,183.4,8.56,115.0,16.5,49.8,824.0,0
20944,178.0,5.52,82.0,18.1,37.1,802.0,1
20945,180.7,5.99,127.0,17.1,47.3,609.0,1
20946,151.0,8.07,93.0,20.6,45.1,676.0,0
20947,188.2,5.71,138.0,17.6,37.5,1063.0,0
20948,150.1,7.52,137.0,16.0,36.0,699.0,0
20949,158.8,7.09,118.0,13.3,49.1,949.0,0
