lote_id,toneladas_producidas,temperatura_ambiente_c,tipo_proceso,antiguedad_equipo_anios,consumo_energetico_mwh
1,789.6,21.7,Kraft,21,855.7
2,628.7,13.2,Kraft,17,735.5
3,522.5,11.9,Kraft,19,628.7
4,667.3,4.9,Kraft,25,791.3
5,595.8,6.6,Mecanico,6,738.6
6,636.5,10.0,Mecanico,3,771.3
7,676.2,17.6,Mecanico,25,877.8
8,592.1,13.1,Kraft,13,659.6
9,792.3,11.9,Kraft,29,920.9
10,495.9,16.4,Mecanico,21,687.7
11,369.6,20.4,Mecanico,4,459.6
12,531.1,22.1,Mecanico,10,748.9
13,486.2,7.8,Kraft,12,536.8
14,525.9,5.8,Kraft,9,634.9
15,193.6,16.8,Kraft,26,333.4
16,196.1,6.7,Mecanico,19,432.6
17,503.6,9.9,Kraft,16,595.0
18,390.2,19.0,Kraft,25,531.9
19,347.0,22.0,Kraft,25,491.6
20,601.6,19.0,Mecanico,22,772.8
21,186.7,13.6,Kraft,25,293.7
22,213.3,14.3,Kraft,2,328.8
23,407.6,11.1,Mecanico,29,636.6
24,500.0,20.6,Kraft,6,606.4
25,213.2,9.7,Mecanico,6,342.6
26,197.6,5.7,Kraft,19,341.5
27,759.7,11.6,Kraft,7,784.5
28,672.3,0.3,Kraft,28,809.6
29,421.6,20.1,Mecanico,13,560.5
30,258.7,21.8,Kraft,17,328.8
31,395.4,13.1,Mecanico,21,570.3
32,563.1,15.5,Mecanico,23,762.4
33,196.2,23.0,Kraft,29,363.8
34,772.9,5.3,Kraft,2,809.3
35,251.8,3.6,Mecanico,25,459.0
36,324.6,17.4,Kraft,12,449.5
37,229.5,9.2,Mecanico,30,438.3
38,485.9,1.3,Mecanico,19,728.2
39,690.9,1.1,Kraft,21,832.0
40,683.3,8.1,Kraft,12,749.1
41,782.2,12.9,Kraft,18,908.1
42,445.8,9.2,Mecanico,23,646.1
43,387.2,11.7,Mecanico,23,523.4
44,361.6,10.9,Mecanico,7,513.7
45,735.2,6.8,Kraft,27,864.7
46,270.1,10.1,Mecanico,30,489.9
47,768.2,10.0,Mecanico,25,965.6
48,255.9,14.1,Mecanico,8,326.3
49,372.3,13.2,Kraft,12,499.6
50,592.0,25.1,Kraft,1,618.2
51,691.0,17.8,Kraft,19,719.5
52,320.4,13.8,Mecanico,13,509.3
53,551.6,5.2,Kraft,6,598.5
54,374.4,18.3,Kraft,19,471.6
55,509.3,10.3,Kraft,16,621.8
56,424.6,16.0,Mecanico,23,654.5
57,779.1,10.9,Kraft,19,861.3
58,432.7,7.1,Mecanico,11,666.3
59,418.3,14.3,Mecanico,6,499.3
60,424.1,16.6,Kraft,29,516.1
61,479.8,11.8,Mecanico,3,592.6
62,693.6,8.7,Kraft,29,798.4
63,358.9,14.2,Kraft,19,432.2
64,724.2,2.5,Mecanico,26,946.9
65,705.6,1.4,Kraft,26,810.2
66,252.1,-3.0,Mecanico,19,458.0
67,759.0,10.4,Kraft,30,931.4
68,337.2,24.6,Kraft,23,463.2
69,251.6,17.6,Kraft,27,387.0
70,303.7,21.4,Mecanico,22,529.8
71,468.2,6.7,Kraft,14,530.1
72,609.5,19.4,Kraft,28,759.6
73,561.3,5.9,Mecanico,15,796.0
74,567.0,18.4,Kraft,13,620.8
75,654.1,18.2,Kraft,12,723.8
76,224.1,22.5,Kraft,21,382.1
77,376.4,10.2,Kraft,27,459.4
78,274.6,-3.0,Kraft,1,374.6
79,564.8,12.9,Kraft,24,641.2
80,648.8,14.7,Mecanico,27,833.6
81,569.6,1.5,Kraft,20,675.8
82,647.1,18.9,Kraft,6,679.9
83,462.1,10.3,Kraft,24,584.9
84,507.9,9.9,Kraft,3,548.7
85,386.9,11.3,Kraft,6,416.6
86,226.1,19.6,Mecanico,24,486.1
87,541.3,10.5,Kraft,12,641.9
88,711.8,2.9,Kraft,26,854.0
89,675.6,16.5,Kraft,21,765.7
90,527.8,11.1,Mecanico,1,658.3
91,613.9,17.1,Kraft,14,679.6
92,596.7,13.5,Kraft,22,675.3
93,765.1,13.0,Kraft,9,808.3
94,356.3,20.7,Kraft,25,494.0
95,241.0,13.1,Kraft,11,269.5
96,251.9,17.6,Kraft,14,346.7
97,514.4,8.8,Mecanico,5,664.8
98,752.5,2.8,Kraft,3,795.4
99,348.5,5.3,Kraft,7,444.9
100,601.2,16.7,Kraft,4,596.1
101,347.5,14.6,Kraft,23,444.3
102,584.0,9.4,Mecanico,3,697.9
103,535.4,6.2,Mecanico,26,765.2
104,662.6,14.4,Kraft,12,733.6
105,679.2,9.5,Kraft,17,765.3
106,402.0,2.0,Mecanico,13,573.2
107,297.7,4.0,Kraft,17,469.9
108,455.0,11.8,Kraft,17,520.8
109,793.6,20.1,Mecanico,16,1004.0
110,504.2,25.0,Mecanico,24,775.2
111,505.1,16.6,Kraft,8,557.8
112,328.4,7.9,Kraft,1,407.8
113,756.1,22.8,Kraft,10,790.9
114,246.2,16.1,Kraft,21,355.2
115,804.0,15.6,Mecanico,14,949.3
116,378.2,0.5,Mecanico,9,629.2
117,776.7,14.1,Mecanico,1,906.7
118,324.5,20.1,Kraft,5,420.5
119,433.1,22.6,Mecanico,22,671.5
120,401.7,9.9,Kraft,20,457.4
121,650.1,11.8,Kraft,12,793.0
122,210.7,6.5,Mecanico,29,476.1
123,449.6,11.0,Mecanico,18,632.4
124,495.8,15.3,Mecanico,6,636.3
125,276.2,9.0,Kraft,3,318.4
126,511.6,11.2,Kraft,18,657.2
127,774.9,17.6,Kraft,15,850.4
128,632.4,21.8,Mecanico,26,889.3
129,765.4,19.1,Kraft,2,779.9
130,436.7,26.0,Kraft,27,572.7
131,425.1,18.3,Kraft,29,600.3
132,452.1,26.8,Kraft,4,512.5
133,413.7,6.3,Kraft,4,511.1
134,454.5,2.6,Kraft,5,525.9
135,634.0,11.6,Kraft,2,717.7
136,535.0,24.7,Kraft,14,573.5
137,315.1,9.5,Mecanico,8,496.9
138,647.4,20.4,Mecanico,23,870.0
139,456.1,4.2,Kraft,10,539.2
140,603.5,12.1,Kraft,17,704.4
141,278.0,16.4,Mecanico,2,417.6
142,393.5,26.9,Kraft,13,471.0
143,610.5,4.8,Kraft,13,694.8
144,192.9,13.7,Kraft,20,244.9
145,332.8,-1.7,Kraft,25,470.4
146,424.4,6.0,Mecanico,13,619.1
147,740.3,-2.6,Kraft,28,894.2
148,301.1,8.6,Mecanico,7,412.4
149,276.0,11.6,Kraft,14,369.2
150,290.7,18.1,Kraft,12,342.4
151,509.8,17.1,Kraft,24,563.3
152,231.7,14.7,Mecanico,2,381.8
153,739.8,1.5,Mecanico,1,868.2
154,813.8,11.0,Mecanico,27,951.2
155,325.4,5.7,Kraft,22,441.4
156,185.6,24.4,Mecanico,3,393.8
157,499.8,7.1,Kraft,13,561.3
158,326.1,7.8,Mecanico,28,591.7
159,679.8,17.9,Mecanico,30,884.9
160,760.2,18.1,Kraft,27,855.6
161,618.6,8.5,Kraft,13,779.0
162,343.3,9.0,Mecanico,12,507.0
163,496.5,26.9,Kraft,5,560.7
164,207.2,10.3,Kraft,17,301.7
165,801.5,8.7,Kraft,1,860.1
166,459.2,11.2,Mecanico,16,621.2
167,767.3,19.6,Mecanico,3,959.2
168,770.4,9.1,Kraft,11,872.7
169,800.6,17.3,Kraft,11,867.9
170,392.4,26.6,Mecanico,24,676.9
171,504.7,17.0,Mecanico,1,572.7
172,345.3,1.6,Kraft,12,381.7
173,804.1,11.5,Mecanico,22,956.5
174,569.0,11.1,Mecanico,24,693.6
175,400.6,11.2,Kraft,6,490.0
176,355.8,-3.0,Kraft,27,542.8
177,501.2,13.5,Kraft,11,513.3
178,537.8,4.8,Kraft,1,592.0
179,252.4,7.9,Kraft,19,390.2
180,572.7,24.5,Mecanico,26,796.6
181,553.4,6.3,Mecanico,3,664.8
182,683.0,19.0,Mecanico,29,869.5
183,577.8,27.6,Mecanico,9,707.2
184,630.8,10.2,Kraft,28,687.4
185,188.1,10.2,Kraft,16,268.5
186,581.2,13.4,Mecanico,14,698.8
187,436.2,27.9,Kraft,1,463.1
188,794.8,14.2,Mecanico,16,980.3
189,675.8,5.4,Kraft,30,843.3
190,777.7,12.6,Mecanico,27,1009.1
191,198.8,18.2,Kraft,25,295.3
192,328.4,15.0,Kraft,28,411.0
193,704.0,9.7,Mecanico,29,919.4
194,750.0,5.4,Kraft,26,854.0
195,563.3,12.6,Kraft,9,584.5
196,808.3,20.6,Mecanico,22,995.8
197,740.1,8.6,Kraft,3,768.5
198,185.1,9.9,Mecanico,26,404.6
199,341.4,5.7,Kraft,19,439.3
200,382.1,14.3,Kraft,30,557.8
201,314.6,17.0,Kraft,14,347.0
202,675.8,23.3,Kraft,7,725.9
203,446.5,22.2,Kraft,11,618.7
204,354.3,12.6,Kraft,12,402.1
205,627.3,9.8,Kraft,13,672.9
206,572.4,16.8,Kraft,3,674.2
207,535.9,18.9,Kraft,26,607.0
208,490.5,-2.0,Mecanico,28,716.9
209,651.0,11.1,Kraft,18,763.5
210,285.4,7.3,Kraft,5,344.3
211,803.3,18.5,Kraft,10,886.3
212,790.5,11.3,Kraft,3,825.2
213,697.3,18.8,Kraft,18,830.1
214,587.7,7.6,Kraft,8,643.8
215,389.9,3.9,Kraft,24,505.2
216,439.4,19.9,Kraft,26,564.9
217,706.5,6.6,Kraft,23,821.6
218,802.0,10.4,Kraft,2,797.9
219,440.6,-0.6,Mecanico,1,561.8
220,679.3,19.8,Kraft,4,730.0
221,683.2,16.1,Kraft,10,731.6
222,718.5,14.9,Kraft,20,739.7
223,593.0,6.5,Mecanico,13,798.0
224,312.0,-0.6,Kraft,18,442.9
225,682.7,11.5,Kraft,30,828.2
226,358.7,9.0,Kraft,12,436.9
227,806.2,11.9,Mecanico,12,1013.3
228,195.0,7.6,Kraft,22,340.6
229,456.3,15.8,Mecanico,26,640.0
230,265.2,26.2,Kraft,17,401.6
231,204.5,13.0,Kraft,30,320.3
232,761.4,7.2,Kraft,22,821.3
233,705.5,30.2,Mecanico,7,841.3
234,325.6,1.9,Kraft,30,494.6
235,551.3,15.5,Kraft,27,650.8
236,274.6,15.3,Mecanico,28,538.0
237,668.4,7.0,Kraft,12,699.9
238,318.5,13.2,Kraft,19,383.2
239,687.6,13.5,Kraft,10,755.7
240,767.2,16.6,Kraft,7,798.8
241,518.0,26.6,Kraft,19,661.1
242,301.0,11.1,Kraft,12,396.8
243,251.3,18.0,Kraft,27,395.2
244,386.9,15.1,Kraft,18,509.9
245,307.0,17.7,Mecanico,22,434.8
246,604.9,11.8,Kraft,4,645.2
247,645.5,12.2,Kraft,17,749.5
248,495.8,2.0,Kraft,26,646.2
249,274.3,3.9,Mecanico,10,422.1
250,491.4,14.2,Kraft,14,582.6
251,592.8,24.0,Kraft,10,657.2
252,290.4,19.9,Kraft,26,419.9
253,494.2,11.3,Mecanico,4,688.4
254,601.4,8.1,Kraft,25,695.6
255,792.0,14.1,Kraft,14,820.3
256,373.2,8.4,Kraft,21,500.6
257,601.6,16.1,Kraft,1,617.0
258,313.7,16.3,Mecanico,29,487.9
259,239.8,26.3,Mecanico,24,509.0
260,563.3,7.4,Mecanico,15,707.3
261,258.4,22.4,Kraft,21,382.4
262,637.7,5.5,Kraft,22,733.8
263,311.4,15.2,Kraft,11,435.3
264,763.6,13.1,Kraft,11,862.1
265,539.0,13.0,Kraft,9,592.0
266,369.0,-2.4,Kraft,24,499.8
267,657.4,10.6,Mecanico,4,751.7
268,212.0,13.2,Kraft,17,353.1
269,283.9,12.9,Mecanico,15,476.1
270,420.7,13.9,Kraft,22,469.8
271,714.3,16.9,Kraft,22,816.8
272,752.8,22.9,Kraft,7,832.5
273,403.4,16.3,Kraft,24,476.9
274,272.9,19.2,Kraft,6,343.0
275,255.3,23.2,Kraft,24,317.1
276,705.2,20.7,Mecanico,24,870.4
277,465.8,15.7,Kraft,10,568.6
278,565.9,1.4,Mecanico,8,758.2
279,791.4,15.3,Kraft,17,812.8
280,180.2,30.0,Kraft,15,290.1
281,767.7,6.9,Mecanico,20,967.7
282,663.6,15.4,Kraft,21,737.9
283,532.4,19.3,Mecanico,13,669.1
284,256.1,18.1,Kraft,9,343.8
285,489.3,12.7,Kraft,5,574.2
286,645.7,31.0,Mecanico,3,788.4
287,656.2,12.9,Kraft,12,745.3
288,422.9,12.0,Kraft,11,482.4
289,278.5,-2.7,Kraft,28,461.6
290,744.4,9.8,Mecanico,2,913.1
291,202.3,14.5,Kraft,7,240.0
292,197.0,14.8,Kraft,20,272.9
293,233.4,6.5,Kraft,19,329.2
294,511.2,0.2,Kraft,3,575.6
295,389.3,17.9,Mecanico,19,547.5
296,389.6,12.7,Kraft,5,498.1
297,432.4,11.4,Kraft,4,496.9
298,220.9,1.1,Kraft,1,299.4
299,433.7,21.8,Kraft,17,548.1
300,610.3,12.7,Kraft,9,719.3
301,518.3,23.2,Kraft,9,564.3
302,633.5,4.6,Mecanico,5,797.9
303,535.9,10.2,Kraft,1,622.2
304,375.8,13.3,Mecanico,7,477.2
305,189.2,15.0,Mecanico,26,348.7
306,598.5,7.0,Mecanico,16,804.0
307,457.0,6.4,Mecanico,3,603.9
308,634.2,11.9,Kraft,7,707.7
309,732.6,26.1,Kraft,1,852.9
310,614.5,15.7,Mecanico,9,747.8
311,694.6,15.5,Kraft,30,736.8
312,699.1,12.8,Kraft,25,824.3
313,699.3,8.0,Mecanico,11,877.1
314,240.4,10.7,Kraft,28,408.0
315,757.4,1.7,Mecanico,3,943.4
316,707.7,8.1,Kraft,30,805.8
317,293.7,18.5,Kraft,6,342.4
318,505.1,24.2,Kraft,15,586.8
319,195.4,12.2,Kraft,22,294.9
320,648.8,16.3,Kraft,3,682.5
321,393.7,5.5,Kraft,28,544.0
322,502.8,19.7,Mecanico,17,583.7
323,237.3,20.3,Mecanico,23,409.7
324,265.3,23.2,Kraft,25,366.3
325,785.6,0.9,Kraft,4,817.8
326,552.7,22.8,Mecanico,14,714.8
327,809.0,11.2,Mecanico,4,942.9
328,629.7,7.8,Mecanico,2,786.9
329,402.8,10.9,Kraft,24,444.9
330,319.7,17.7,Mecanico,28,553.5
331,510.9,5.7,Kraft,24,674.2
332,650.9,12.8,Kraft,15,720.1
333,731.9,6.3,Kraft,26,855.9
334,301.1,15.0,Kraft,9,372.7
335,303.4,30.1,Kraft,20,413.9
336,613.0,12.5,Mecanico,24,743.9
337,231.4,31.0,Mecanico,3,441.9
338,719.0,19.7,Mecanico,15,922.5
339,653.0,11.5,Mecanico,14,760.6
340,553.1,-3.0,Mecanico,13,736.8
341,632.4,12.7,Kraft,12,686.1
342,302.1,8.6,Kraft,6,331.0
343,786.5,11.7,Kraft,9,812.7
344,224.7,10.6,Mecanico,20,402.5
345,575.1,14.3,Kraft,16,660.5
346,458.5,9.5,Mecanico,25,649.6
347,654.9,12.2,Mecanico,6,776.4
348,385.2,14.1,Mecanico,21,577.7
349,201.7,15.2,Kraft,28,310.4
350,342.1,12.0,Mecanico,12,498.1
351,355.7,22.6,Kraft,13,420.2
352,535.4,25.0,Mecanico,9,694.6
353,731.9,19.8,Kraft,18,770.3
354,385.9,12.3,Kraft,12,440.7
355,332.7,17.0,Mecanico,1,387.4
356,632.3,4.6,Mecanico,25,855.8
357,604.3,13.1,Kraft,9,667.3
358,333.8,9.5,Kraft,10,406.4
359,493.4,4.5,Mecanico,19,644.0
360,555.6,9.3,Mecanico,11,683.4
361,446.4,16.8,Kraft,5,440.6
362,215.6,14.0,Mecanico,14,384.3
363,367.0,11.1,Kraft,26,510.8
364,405.4,9.1,Mecanico,14,588.2
365,657.6,21.9,Mecanico,5,842.8
366,611.3,16.6,Kraft,13,675.8
367,619.1,19.7,Mecanico,6,743.1
368,269.3,6.2,Mecanico,22,485.9
369,306.4,12.2,Kraft,19,414.4
370,455.5,9.5,Kraft,24,584.1
371,726.0,16.1,Kraft,16,879.3
372,384.5,13.7,Kraft,16,480.8
373,586.5,13.4,Kraft,12,694.7
374,747.4,12.3,Mecanico,7,869.8
375,748.9,8.7,Kraft,23,850.0
376,430.3,12.5,Kraft,28,558.1
377,318.0,11.5,Mecanico,25,552.2
378,369.1,19.7,Kraft,27,456.9
379,300.9,16.4,Mecanico,28,534.6
380,239.7,11.5,Mecanico,8,384.5
381,309.7,6.3,Kraft,7,434.2
382,469.2,15.4,Mecanico,19,661.6
383,696.7,12.7,Kraft,21,788.8
384,502.8,-1.5,Kraft,29,607.2
385,199.9,14.4,Mecanico,30,360.8
386,247.5,20.0,Kraft,28,367.7
387,706.6,9.4,Kraft,11,741.6
388,468.1,7.8,Kraft,18,612.7
389,444.5,25.1,Kraft,9,482.9
390,192.6,11.9,Mecanico,2,320.2
391,251.8,2.3,Mecanico,21,481.8
392,817.2,11.4,Mecanico,12,928.7
393,598.7,21.0,Kraft,6,615.8
394,374.2,4.2,Kraft,25,498.2
395,525.6,19.8,Kraft,29,638.7
396,461.2,12.3,Kraft,20,536.4
397,589.6,8.6,Mecanico,20,807.4
398,439.2,17.3,Kraft,10,497.8
399,659.9,-0.9,Mecanico,12,850.7
400,649.3,14.6,Kraft,19,701.7
401,552.4,11.7,Mecanico,13,689.0
402,523.0,17.8,Kraft,2,613.5
403,328.3,14.7,Kraft,29,399.8
404,743.6,10.8,Kraft,25,886.7
405,409.9,20.7,Kraft,1,475.1
406,558.6,22.0,Kraft,17,619.7
407,361.4,11.2,Kraft,24,460.4
408,489.2,17.8,Kraft,23,603.3
409,801.9,21.7,Kraft,2,905.6
410,714.4,18.1,Mecanico,22,889.5
411,668.7,8.2,Kraft,28,866.2
412,560.9,14.3,Kraft,13,646.4
413,255.4,22.4,Kraft,7,320.5
414,712.9,18.0,Mecanico,19,890.3
415,717.2,-1.4,Kraft,16,873.0
416,421.8,10.9,Kraft,17,511.2
417,650.3,15.8,Kraft,12,691.0
418,375.3,8.0,Kraft,13,492.7
419,519.8,25.0,Mecanico,5,687.3
420,357.7,7.3,Kraft,21,506.3
421,529.2,8.1,Mecanico,8,646.8
422,375.0,1.6,Kraft,5,495.0
423,228.8,17.4,Kraft,6,335.3
424,244.2,15.4,Kraft,3,348.3
425,564.4,8.7,Mecanico,18,810.4
426,544.8,24.9,Kraft,16,648.6
427,424.9,16.9,Kraft,7,451.1
428,241.4,16.1,Mecanico,15,415.8
429,762.5,0.3,Kraft,4,829.3
430,362.3,1.8,Kraft,8,507.0
431,316.2,10.6,Mecanico,9,490.7
432,318.8,17.3,Mecanico,8,506.6
433,390.5,13.0,Kraft,23,486.8
434,396.8,11.8,Mecanico,19,593.7
435,495.1,20.6,Kraft,23,625.4
436,763.4,19.1,Kraft,10,816.5
437,525.9,8.6,Kraft,7,641.1
438,415.8,25.8,Kraft,13,575.7
439,517.2,17.5,Mecanico,11,683.3
440,255.0,5.2,Kraft,23,317.2
441,777.1,14.9,Mecanico,10,875.4
442,233.0,16.2,Kraft,25,322.6
443,317.2,7.0,Mecanico,29,578.1
444,572.6,3.6,Kraft,19,655.7
445,717.3,21.2,Kraft,21,841.0
446,471.6,-3.0,Kraft,30,588.9
447,732.0,10.3,Kraft,21,820.9
448,277.9,22.6,Mecanico,20,492.6
449,791.6,4.3,Kraft,8,845.8
450,402.3,5.4,Mecanico,29,685.7
451,236.1,17.0,Kraft,26,382.5
452,640.2,21.4,Mecanico,1,763.9
453,499.4,1.1,Kraft,18,650.2
454,561.2,3.2,Kraft,30,666.7
455,714.3,18.0,Kraft,5,758.1
456,812.8,15.7,Kraft,28,899.5
457,483.7,5.5,Kraft,24,566.6
458,763.3,11.7,Kraft,27,913.8
459,701.2,22.9,Mecanico,7,845.2
460,492.4,1.2,Kraft,27,660.4
461,258.7,17.5,Mecanico,10,431.1
462,347.5,10.1,Kraft,14,462.5
463,388.8,18.5,Kraft,18,550.5
464,355.6,9.0,Mecanico,3,510.3
465,205.5,24.2,Kraft,20,361.5
466,257.6,23.8,Kraft,30,473.2
467,314.8,9.9,Mecanico,21,583.0
468,511.6,2.9,Mecanico,4,677.9
469,205.2,15.5,Kraft,5,295.5
470,288.4,12.9,Kraft,30,422.0
471,212.7,19.3,Mecanico,11,352.1
472,394.6,23.4,Kraft,20,454.6
473,510.0,16.8,Mecanico,3,683.6
474,589.6,18.8,Kraft,27,691.6
475,534.5,8.8,Kraft,1,541.7
476,522.3,7.2,Mecanico,26,778.6
477,373.9,10.4,Kraft,3,427.0
478,586.5,12.4,Kraft,19,691.3
479,302.0,19.1,Kraft,13,385.2
480,559.7,14.1,Mecanico,4,675.0
