ID_Venta,Fecha,Mes,Region,Producto,Producto_Nombre,Vendedor,Canal,Unidades,Precio_Unitario,Monto
1000,2025-01-03,Enero,Norte,A,"Notebook 14""",Catalina Vega,Online,3,502990.0,1508970.0
1001,2025-01-03,Enero,Norte,C,"Smart TV 55""",Catalina Vega,Online,6,389990.0,2339940.0
1002,2025-01-04,Enero,Norte,A,"Notebook 14""",Javiera Castro,Tienda física,1,529990.0,529990.0
1003,2025-01-05,Enero,Centro,A,"Notebook 14""",Tomás Herrera,Online,2,529990.0,1059980.0
1004,2025-01-05,Enero,Centro,D,Aspiradora robot,Ignacio Fuentes,Online,2,189990.0,379980.0
1005,2025-01-05,Enero,Centro,C,"Smart TV 55""",Ignacio Fuentes,Online,3,369990.0,1109970.0
1006,2025-01-05,Enero,Centro,D,Aspiradora robot,Tomás Herrera,Online,2,189990.0,379980.0
1007,2025-01-07,Enero,Norte,B,Refrigerador 300 L,Benjamín Araya,Online,3,404990.0,1214970.0
1008,2025-01-08,Enero,Centro,D,Aspiradora robot,Javiera Castro,Tienda física,3,189990.0,569970.0
1009,2025-01-09,Enero,Sur,C,"Smart TV 55""",Javiera Castro,Online,4,389990.0,1559960.0
1010,2025-01-09,Enero,Centro,D,Aspiradora robot,Tomás Herrera,Online,1,189990.0,189990.0
1011,2025-01-10,Enero,Sur,B,Refrigerador 300 L,Ignacio Fuentes,Online,3,426990.0,1280970.0
1012,2025-01-10,Enero,Norte,D,Aspiradora robot,Ignacio Fuentes,Tienda física,3,199990.0,599970.0
1013,2025-01-13,Enero,Centro,C,"Smart TV 55""",Javiera Castro,Online,4,369990.0,1479960.0
1014,2025-01-13,Enero,Centro,C,"Smart TV 55""",Constanza Lagos,Tienda física,3,389990.0,1169970.0
1015,2025-01-15,Enero,Norte,B,Refrigerador 300 L,Ignacio Fuentes,Tienda física,1,449990.0,449990.0
1016,2025-01-16,Enero,Centro,C,"Smart TV 55""",Ignacio Fuentes,Online,6,389990.0,2339940.0
1017,2025-01-17,Enero,Centro,D,Aspiradora robot,Benjamín Araya,Tienda física,4,199990.0,799960.0
1018,2025-01-18,Enero,Sur,C,"Smart TV 55""",Felipe Navarro,Tienda física,2,350990.0,701980.0
1019,2025-01-23,Enero,Sur,C,"Smart TV 55""",Felipe Navarro,Online,3,389990.0,1169970.0
1020,2025-01-24,Enero,Centro,D,Aspiradora robot,Daniela Torres,Tienda física,1,199990.0,199990.0
1021,2025-01-25,Enero,Centro,C,"Smart TV 55""",Tomás Herrera,Online,3,389990.0,1169970.0
1022,2025-01-26,Enero,Norte,B,Refrigerador 300 L,Benjamín Araya,Tienda física,6,449990.0,2699940.0
1023,2025-01-26,Enero,Norte,C,"Smart TV 55""",Constanza Lagos,Tienda física,2,389990.0,779980.0
1024,2025-01-26,Enero,Norte,C,"Smart TV 55""",Constanza Lagos,Tienda física,2,389990.0,779980.0
1025,2025-01-27,Enero,Centro,B,Refrigerador 300 L,Javiera Castro,Tienda física,5,449990.0,2249950.0
1026,2025-01-29,Enero,Centro,B,Refrigerador 300 L,Javiera Castro,Tienda física,1,426990.0,426990.0
1027,2025-01-30,Enero,Norte,D,Aspiradora robot,Javiera Castro,Online,1,199990.0,199990.0
1028,2025-01-30,Enero,Centro,D,Aspiradora robot,Benjamín Araya,Online,3,199990.0,599970.0
1029,2025-02-01,Febrero,Norte,A,"Notebook 14""",Ignacio Fuentes,Online,2,476990.0,953980.0
1030,2025-02-01,Febrero,Norte,D,Aspiradora robot,Felipe Navarro,Tienda física,1,199990.0,199990.0
1031,2025-02-01,Febrero,Norte,C,"Smart TV 55""",Javiera Castro,Online,3,389990.0,1169970.0
1032,2025-02-02,Febrero,Sur,C,"Smart TV 55""",Felipe Navarro,Tienda física,3,389990.0,1169970.0
1033,2025-02-03,Febrero,Norte,B,Refrigerador 300 L,Daniela Torres,Online,4,449990.0,1799960.0
1034,2025-02-03,Febrero,Norte,C,"Smart TV 55""",Felipe Navarro,Tienda física,1,369990.0,369990.0
1035,2025-02-04,Febrero,Sur,C,"Smart TV 55""",Javiera Castro,Online,3,389990.0,1169970.0
1036,2025-02-04,Febrero,Sur,A,"Notebook 14""",Ignacio Fuentes,Online,2,529990.0,1059980.0
1037,2025-02-04,Febrero,Sur,B,Refrigerador 300 L,Felipe Navarro,Online,3,449990.0,1349970.0
1038,2025-02-06,Febrero,Norte,D,Aspiradora robot,Ignacio Fuentes,Online,2,199990.0,399980.0
1039,2025-02-07,Febrero,Sur,D,Aspiradora robot,Ignacio Fuentes,Tienda física,1,199990.0,199990.0
1040,2025-02-09,Febrero,Centro,C,"Smart TV 55""",Javiera Castro,Tienda física,2,389990.0,779980.0
1041,2025-02-09,Febrero,Centro,B,Refrigerador 300 L,Catalina Vega,Tienda física,2,449990.0,899980.0
1042,2025-02-10,Febrero,Sur,B,Refrigerador 300 L,Daniela Torres,Tienda física,4,449990.0,1799960.0
1043,2025-02-10,Febrero,Norte,C,"Smart TV 55""",Catalina Vega,Tienda física,3,350990.0,1052970.0
1044,2025-02-12,Febrero,Sur,B,Refrigerador 300 L,Ignacio Fuentes,Tienda física,1,449990.0,449990.0
1045,2025-02-12,Febrero,Centro,D,Aspiradora robot,Catalina Vega,Online,1,199990.0,199990.0
1046,2025-02-12,Febrero,Norte,D,Aspiradora robot,Catalina Vega,Online,1,189990.0,189990.0
1047,2025-02-13,Febrero,Sur,A,"Notebook 14""",Felipe Navarro,Online,5,502990.0,2514950.0
1048,2025-02-14,Febrero,Sur,A,"Notebook 14""",Ignacio Fuentes,Online,4,529990.0,2119960.0
1049,2025-02-14,Febrero,Sur,C,"Smart TV 55""",Ignacio Fuentes,Tienda física,2,350990.0,701980.0
1050,2025-02-15,Febrero,Norte,C,"Smart TV 55""",Constanza Lagos,Tienda física,5,389990.0,1949950.0
1051,2025-02-15,Febrero,Centro,C,"Smart TV 55""",Javiera Castro,Tienda física,6,369990.0,2219940.0
1052,2025-02-16,Febrero,Sur,C,"Smart TV 55""",Ignacio Fuentes,Online,3,389990.0,1169970.0
1053,2025-02-19,Febrero,Norte,D,Aspiradora robot,Benjamín Araya,Online,3,199990.0,599970.0
1054,2025-02-20,Febrero,Centro,D,Aspiradora robot,Felipe Navarro,Tienda física,3,199990.0,599970.0
1055,2025-02-20,Febrero,Centro,B,Refrigerador 300 L,Catalina Vega,Online,1,449990.0,449990.0
1056,2025-02-20,Febrero,Sur,C,"Smart TV 55""",Ignacio Fuentes,Tienda física,2,350990.0,701980.0
1057,2025-02-23,Febrero,Sur,B,Refrigerador 300 L,Tomás Herrera,Tienda física,1,449990.0,449990.0
1058,2025-02-23,Febrero,Centro,D,Aspiradora robot,Benjamín Araya,Tienda física,2,199990.0,399980.0
1059,2025-02-23,Febrero,Sur,A,"Notebook 14""",Catalina Vega,Tienda física,1,529990.0,529990.0
1060,2025-02-24,Febrero,Norte,A,"Notebook 14""",Benjamín Araya,Online,5,529990.0,2649950.0
1061,2025-02-24,Febrero,Norte,A,"Notebook 14""",Javiera Castro,Online,5,529990.0,2649950.0
1062,2025-02-24,Febrero,Norte,D,Aspiradora robot,Ignacio Fuentes,Online,2,199990.0,399980.0
1063,2025-02-25,Febrero,Sur,C,"Smart TV 55""",Benjamín Araya,Online,3,369990.0,1109970.0
1064,2025-02-26,Febrero,Sur,C,"Smart TV 55""",Benjamín Araya,Online,3,389990.0,1169970.0
1065,2025-02-26,Febrero,Centro,A,"Notebook 14""",Constanza Lagos,Tienda física,1,529990.0,529990.0
1066,2025-02-27,Febrero,Norte,A,"Notebook 14""",Javiera Castro,Online,3,529990.0,1589970.0
1067,2025-02-27,Febrero,Sur,B,Refrigerador 300 L,Daniela Torres,Online,2,404990.0,809980.0
1068,2025-02-28,Febrero,Sur,A,"Notebook 14""",Daniela Torres,Online,1,529990.0,529990.0
1069,2025-03-03,Marzo,Centro,B,Refrigerador 300 L,Felipe Navarro,Online,2,426990.0,853980.0
1070,2025-03-03,Marzo,Norte,B,Refrigerador 300 L,Javiera Castro,Online,2,449990.0,899980.0
1071,2025-03-04,Marzo,Centro,B,Refrigerador 300 L,Felipe Navarro,Tienda física,4,449990.0,1799960.0
1072,2025-03-06,Marzo,Norte,C,"Smart TV 55""",Constanza Lagos,Tienda física,2,369990.0,739980.0
1073,2025-03-08,Marzo,Sur,C,"Smart TV 55""",Tomás Herrera,Online,1,369990.0,369990.0
1074,2025-03-08,Marzo,Sur,C,"Smart TV 55""",Ignacio Fuentes,Tienda física,1,369990.0,369990.0
1075,2025-03-10,Marzo,Centro,C,"Smart TV 55""",Catalina Vega,Tienda física,3,389990.0,1169970.0
1076,2025-03-12,Marzo,Sur,C,"Smart TV 55""",Daniela Torres,Online,3,389990.0,1169970.0
1077,2025-03-12,Marzo,Centro,D,Aspiradora robot,Constanza Lagos,Online,2,179990.0,359980.0
1078,2025-03-13,Marzo,Sur,A,"Notebook 14""",Daniela Torres,Tienda física,1,529990.0,529990.0
1079,2025-03-13,Marzo,Centro,C,"Smart TV 55""",Catalina Vega,Online,4,369990.0,1479960.0
1080,2025-03-16,Marzo,Sur,B,Refrigerador 300 L,Constanza Lagos,Tienda física,1,449990.0,449990.0
1081,2025-03-18,Marzo,Centro,B,Refrigerador 300 L,Catalina Vega,Tienda física,2,404990.0,809980.0
1082,2025-03-18,Marzo,Centro,C,"Smart TV 55""",Catalina Vega,Tienda física,4,389990.0,1559960.0
1083,2025-03-19,Marzo,Norte,A,"Notebook 14""",Benjamín Araya,Online,3,529990.0,1589970.0
1084,2025-03-20,Marzo,Norte,D,Aspiradora robot,Catalina Vega,Online,2,199990.0,399980.0
1085,2025-03-20,Marzo,Sur,B,Refrigerador 300 L,Benjamín Araya,Tienda física,4,449990.0,1799960.0
1086,2025-03-22,Marzo,Centro,C,"Smart TV 55""",Ignacio Fuentes,Tienda física,3,389990.0,1169970.0
1087,2025-03-23,Marzo,Sur,D,Aspiradora robot,Ignacio Fuentes,Tienda física,2,199990.0,399980.0
1088,2025-03-24,Marzo,Sur,D,Aspiradora robot,Constanza Lagos,Online,3,199990.0,599970.0
1089,2025-03-24,Marzo,Sur,D,Aspiradora robot,Ignacio Fuentes,Tienda física,3,189990.0,569970.0
1090,2025-03-26,Marzo,Sur,B,Refrigerador 300 L,Constanza Lagos,Online,2,449990.0,899980.0
1091,2025-03-27,Marzo,Sur,C,"Smart TV 55""",Felipe Navarro,Online,3,389990.0,1169970.0
1092,2025-03-27,Marzo,Centro,C,"Smart TV 55""",Felipe Navarro,Online,3,389990.0,1169970.0
1093,2025-03-30,Marzo,Norte,B,Refrigerador 300 L,Catalina Vega,Tienda física,1,426990.0,426990.0
1094,2025-03-30,Marzo,Sur,A,"Notebook 14""",Ignacio Fuentes,Online,3,529990.0,1589970.0
1095,2025-04-02,Abril,Norte,A,"Notebook 14""",Ignacio Fuentes,Online,3,476990.0,1430970.0
1096,2025-04-02,Abril,Norte,A,"Notebook 14""",Felipe Navarro,Tienda física,3,502990.0,1508970.0
1097,2025-04-03,Abril,Sur,C,"Smart TV 55""",Tomás Herrera,Tienda física,2,369990.0,739980.0
1098,2025-04-04,Abril,Norte,A,"Notebook 14""",Tomás Herrera,Tienda física,3,502990.0,1508970.0
1099,2025-04-04,Abril,Sur,B,Refrigerador 300 L,Tomás Herrera,Tienda física,4,426990.0,1707960.0
1100,2025-04-04,Abril,Sur,A,"Notebook 14""",Tomás Herrera,Online,1,502990.0,502990.0
1101,2025-04-08,Abril,Norte,C,"Smart TV 55""",Ignacio Fuentes,Online,2,389990.0,779980.0
1102,2025-04-08,Abril,Sur,D,Aspiradora robot,Benjamín Araya,Online,1,189990.0,189990.0
1103,2025-04-08,Abril,Centro,D,Aspiradora robot,Daniela Torres,Online,3,199990.0,599970.0
1104,2025-04-08,Abril,Centro,A,"Notebook 14""",Benjamín Araya,Tienda física,1,529990.0,529990.0
1105,2025-04-09,Abril,Norte,C,"Smart TV 55""",Ignacio Fuentes,Tienda física,3,389990.0,1169970.0
1106,2025-04-09,Abril,Sur,A,"Notebook 14""",Benjamín Araya,Tienda física,3,529990.0,1589970.0
1107,2025-04-09,Abril,Sur,C,"Smart TV 55""",Felipe Navarro,Online,3,350990.0,1052970.0
1108,2025-04-10,Abril,Sur,A,"Notebook 14""",Daniela Torres,Tienda física,5,529990.0,2649950.0
1109,2025-04-11,Abril,Sur,C,"Smart TV 55""",Constanza Lagos,Online,2,389990.0,779980.0
1110,2025-04-11,Abril,Sur,B,Refrigerador 300 L,Ignacio Fuentes,Tienda física,3,404990.0,1214970.0
1111,2025-04-11,Abril,Sur,A,"Notebook 14""",Benjamín Araya,Online,2,502990.0,1005980.0
1112,2025-04-13,Abril,Centro,D,Aspiradora robot,Daniela Torres,Tienda física,2,199990.0,399980.0
1113,2025-04-14,Abril,Sur,A,"Notebook 14""",Constanza Lagos,Tienda física,4,529990.0,2119960.0
1114,2025-04-15,Abril,Sur,C,"Smart TV 55""",Ignacio Fuentes,Online,1,389990.0,389990.0
1115,2025-04-16,Abril,Centro,B,Refrigerador 300 L,Catalina Vega,Online,4,449990.0,1799960.0
1116,2025-04-17,Abril,Sur,C,"Smart TV 55""",Catalina Vega,Online,4,389990.0,1559960.0
1117,2025-04-18,Abril,Sur,A,"Notebook 14""",Constanza Lagos,Online,1,529990.0,529990.0
1118,2025-04-19,Abril,Centro,D,Aspiradora robot,Daniela Torres,Tienda física,1,199990.0,199990.0
1119,2025-04-19,Abril,Sur,B,Refrigerador 300 L,Tomás Herrera,Tienda física,2,449990.0,899980.0
1120,2025-04-19,Abril,Sur,B,Refrigerador 300 L,Javiera Castro,Tienda física,2,426990.0,853980.0
1121,2025-04-21,Abril,Centro,C,"Smart TV 55""",Constanza Lagos,Tienda física,2,389990.0,779980.0
1122,2025-04-25,Abril,Centro,B,Refrigerador 300 L,Ignacio Fuentes,Tienda física,6,449990.0,2699940.0
1123,2025-04-26,Abril,Centro,D,Aspiradora robot,Daniela Torres,Online,5,199990.0,999950.0
1124,2025-04-26,Abril,Norte,B,Refrigerador 300 L,Benjamín Araya,Tienda física,4,449990.0,1799960.0
1125,2025-04-28,Abril,Norte,C,"Smart TV 55""",Benjamín Araya,Online,4,389990.0,1559960.0
1126,2025-05-01,Mayo,Norte,D,Aspiradora robot,Tomás Herrera,Online,2,189990.0,379980.0
1127,2025-05-01,Mayo,Centro,C,"Smart TV 55""",Javiera Castro,Tienda física,6,369990.0,2219940.0
1128,2025-05-02,Mayo,Sur,D,Aspiradora robot,Catalina Vega,Tienda física,1,199990.0,199990.0
1129,2025-05-02,Mayo,Centro,B,Refrigerador 300 L,Felipe Navarro,Tienda física,2,426990.0,853980.0
1130,2025-05-03,Mayo,Centro,D,Aspiradora robot,Javiera Castro,Tienda física,2,199990.0,399980.0
1131,2025-05-03,Mayo,Centro,C,"Smart TV 55""",Tomás Herrera,Online,3,369990.0,1109970.0
1132,2025-05-03,Mayo,Centro,D,Aspiradora robot,Catalina Vega,Online,1,199990.0,199990.0
1133,2025-05-05,Mayo,Norte,B,Refrigerador 300 L,Catalina Vega,Tienda física,4,449990.0,1799960.0
1134,2025-05-06,Mayo,Centro,C,"Smart TV 55""",Catalina Vega,Tienda física,2,389990.0,779980.0
1135,2025-05-06,Mayo,Centro,B,Refrigerador 300 L,Catalina Vega,Tienda física,4,449990.0,1799960.0
1136,2025-05-09,Mayo,Norte,B,Refrigerador 300 L,Constanza Lagos,Tienda física,2,449990.0,899980.0
1137,2025-05-10,Mayo,Sur,D,Aspiradora robot,Felipe Navarro,Online,1,179990.0,179990.0
1138,2025-05-12,Mayo,Sur,D,Aspiradora robot,Tomás Herrera,Tienda física,3,199990.0,599970.0
1139,2025-05-13,Mayo,Centro,D,Aspiradora robot,Daniela Torres,Online,2,199990.0,399980.0
1140,2025-05-14,Mayo,Norte,A,"Notebook 14""",Tomás Herrera,Tienda física,3,529990.0,1589970.0
1141,2025-05-16,Mayo,Sur,C,"Smart TV 55""",Ignacio Fuentes,Online,2,389990.0,779980.0
1142,2025-05-17,Mayo,Sur,C,"Smart TV 55""",Benjamín Araya,Tienda física,4,389990.0,1559960.0
1143,2025-05-17,Mayo,Centro,B,Refrigerador 300 L,Benjamín Araya,Tienda física,3,449990.0,1349970.0
1144,2025-05-18,Mayo,Sur,A,"Notebook 14""",Javiera Castro,Tienda física,3,529990.0,1589970.0
1145,2025-05-19,Mayo,Norte,C,"Smart TV 55""",Catalina Vega,Tienda física,2,389990.0,779980.0
1146,2025-05-21,Mayo,Norte,B,Refrigerador 300 L,Daniela Torres,Online,3,449990.0,1349970.0
1147,2025-05-21,Mayo,Centro,B,Refrigerador 300 L,Tomás Herrera,Tienda física,1,449990.0,449990.0
1148,2025-05-24,Mayo,Centro,D,Aspiradora robot,Felipe Navarro,Tienda física,1,199990.0,199990.0
1149,2025-06-01,Junio,Centro,A,"Notebook 14""",Javiera Castro,Online,2,529990.0,1059980.0
1150,2025-06-03,Junio,Centro,B,Refrigerador 300 L,Ignacio Fuentes,Tienda física,1,449990.0,449990.0
1151,2025-06-06,Junio,Sur,A,"Notebook 14""",Daniela Torres,Online,2,529990.0,1059980.0
1152,2025-06-09,Junio,Sur,A,"Notebook 14""",Benjamín Araya,Online,4,529990.0,2119960.0
1153,2025-06-11,Junio,Centro,C,"Smart TV 55""",Felipe Navarro,Online,2,389990.0,779980.0
1154,2025-06-12,Junio,Centro,A,"Notebook 14""",Javiera Castro,Online,5,476990.0,2384950.0
1155,2025-06-13,Junio,Sur,D,Aspiradora robot,Ignacio Fuentes,Tienda física,2,199990.0,399980.0
1156,2025-06-13,Junio,Centro,D,Aspiradora robot,Felipe Navarro,Tienda física,1,199990.0,199990.0
1157,2025-06-14,Junio,Centro,D,Aspiradora robot,Catalina Vega,Tienda física,6,199990.0,1199940.0
1158,2025-06-15,Junio,Sur,B,Refrigerador 300 L,Javiera Castro,Online,2,449990.0,899980.0
1159,2025-06-15,Junio,Norte,C,"Smart TV 55""",Benjamín Araya,Online,2,389990.0,779980.0
1160,2025-06-16,Junio,Norte,C,"Smart TV 55""",Ignacio Fuentes,Online,4,389990.0,1559960.0
1161,2025-06-17,Junio,Sur,A,"Notebook 14""",Benjamín Araya,Tienda física,3,529990.0,1589970.0
1162,2025-06-18,Junio,Centro,D,Aspiradora robot,Javiera Castro,Online,3,189990.0,569970.0
1163,2025-06-19,Junio,Sur,D,Aspiradora robot,Ignacio Fuentes,Tienda física,3,189990.0,569970.0
1164,2025-06-20,Junio,Norte,B,Refrigerador 300 L,Ignacio Fuentes,Online,2,426990.0,853980.0
1165,2025-06-20,Junio,Sur,B,Refrigerador 300 L,Constanza Lagos,Tienda física,6,449990.0,2699940.0
1166,2025-06-21,Junio,Centro,D,Aspiradora robot,Tomás Herrera,Online,2,199990.0,399980.0
1167,2025-06-21,Junio,Sur,B,Refrigerador 300 L,Daniela Torres,Online,6,449990.0,2699940.0
1168,2025-06-21,Junio,Sur,B,Refrigerador 300 L,Benjamín Araya,Online,1,449990.0,449990.0
1169,2025-06-22,Junio,Sur,A,"Notebook 14""",Constanza Lagos,Tienda física,2,476990.0,953980.0
1170,2025-06-23,Junio,Centro,C,"Smart TV 55""",Catalina Vega,Tienda física,3,389990.0,1169970.0
1171,2025-06-24,Junio,Norte,D,Aspiradora robot,Catalina Vega,Tienda física,1,179990.0,179990.0
1172,2025-06-25,Junio,Centro,D,Aspiradora robot,Javiera Castro,Tienda física,1,199990.0,199990.0
1173,2025-06-26,Junio,Norte,D,Aspiradora robot,Felipe Navarro,Online,1,199990.0,199990.0
1174,2025-06-26,Junio,Norte,C,"Smart TV 55""",Benjamín Araya,Online,3,389990.0,1169970.0
1175,2025-06-26,Junio,Centro,B,Refrigerador 300 L,Ignacio Fuentes,Tienda física,1,449990.0,449990.0
1176,2025-06-26,Junio,Sur,A,"Notebook 14""",Constanza Lagos,Tienda física,1,476990.0,476990.0
1177,2025-06-29,Junio,Norte,A,"Notebook 14""",Javiera Castro,Online,3,529990.0,1589970.0
1178,2025-06-30,Junio,Sur,A,"Notebook 14""",Ignacio Fuentes,Tienda física,2,476990.0,953980.0
1179,2025-06-30,Junio,Norte,C,"Smart TV 55""",Daniela Torres,Online,4,389990.0,1559960.0
