registro_id,mes,categoria_producto,precio_promedio_clp,promocion_activa,inversion_marketing_clp,ventas_unidades
1,11,Vestuario,15000,0,573000,211
2,3,Tecnologia,18200,1,823000,247
3,2,Electrohogar,18500,0,123000,89
4,4,Vestuario,15200,1,682000,200
5,10,Electrohogar,18600,1,449000,172
6,1,Tecnologia,18100,0,456000,188
7,4,Vestuario,11800,1,846000,244
8,12,Electrohogar,19700,0,855000,208
9,1,Electrohogar,21100,0,590000,138
10,9,Tecnologia,21400,1,330000,141
11,1,Electrohogar,18100,1,404000,147
12,5,Tecnologia,26500,1,361000,126
13,12,Tecnologia,24200,0,717000,158
14,7,Alimentos,5000,0,293000,222
15,5,Tecnologia,26900,1,246000,105
16,7,Tecnologia,23000,0,412000,128
17,5,Tecnologia,23200,1,480000,153
18,1,Alimentos,6500,1,473000,241
19,12,Electrohogar,14700,1,233000,247
20,4,Vestuario,10600,0,884000,204
21,12,Vestuario,12900,0,289000,211
22,1,Vestuario,12100,1,78000,223
23,3,Electrohogar,19000,1,584000,190
24,4,Tecnologia,26600,1,399000,116
25,9,Tecnologia,19200,0,598000,182
26,9,Alimentos,6700,0,514000,242
27,12,Electrohogar,15000,1,200000,232
28,12,Alimentos,7700,1,727000,315
29,3,Tecnologia,25200,0,610000,143
30,1,Electrohogar,20700,1,78000,122
31,11,Electrohogar,16700,0,181000,143
32,9,Vestuario,13700,1,155000,221
33,4,Electrohogar,17700,1,818000,181
34,7,Tecnologia,20400,0,177000,109
35,8,Electrohogar,17200,0,688000,159
36,4,Electrohogar,21000,1,64000,116
37,4,Alimentos,6000,0,814000,242
38,12,Alimentos,5200,0,404000,261
39,5,Electrohogar,18700,0,699000,157
40,7,Vestuario,14100,0,122000,117
41,6,Vestuario,12100,1,349000,190
42,1,Electrohogar,17000,1,789000,181
43,10,Electrohogar,16800,0,128000,135
44,9,Vestuario,14600,0,588000,172
45,9,Electrohogar,19400,1,442000,145
46,11,Tecnologia,21300,0,626000,142
47,11,Alimentos,5600,0,671000,254
48,4,Tecnologia,27500,1,486000,113
49,5,Tecnologia,19900,0,375000,136
50,2,Electrohogar,16500,0,59000,141
51,6,Electrohogar,20300,0,836000,145
52,11,Vestuario,14600,1,61000,181
53,4,Vestuario,10700,1,834000,253
54,10,Alimentos,6900,0,785000,235
55,1,Tecnologia,18900,0,252000,146
56,2,Tecnologia,25000,1,685000,124
57,3,Vestuario,11800,0,282000,177
58,5,Alimentos,7400,1,568000,254
59,1,Vestuario,15500,0,475000,164
60,11,Tecnologia,26600,1,761000,141
61,7,Electrohogar,17600,0,890000,175
62,4,Alimentos,6500,0,801000,239
63,2,Alimentos,6200,0,296000,208
64,7,Electrohogar,18000,1,66000,158
65,7,Vestuario,16700,0,822000,151
66,7,Electrohogar,21100,1,863000,154
67,6,Vestuario,15800,0,555000,137
68,12,Tecnologia,20800,1,724000,247
69,5,Alimentos,5700,0,720000,205
70,2,Electrohogar,19400,1,170000,122
71,11,Alimentos,6000,1,861000,275
72,3,Vestuario,11000,0,743000,219
73,8,Electrohogar,21700,0,380000,95
74,10,Vestuario,16000,0,420000,174
75,8,Electrohogar,19300,1,459000,147
76,4,Electrohogar,17400,0,225000,98
77,9,Alimentos,5600,1,98000,285
78,8,Vestuario,16200,0,213000,153
79,10,Electrohogar,15100,0,431000,168
80,1,Alimentos,6800,1,584000,256
81,9,Vestuario,16000,1,739000,218
82,3,Electrohogar,16200,0,472000,203
83,5,Vestuario,10600,0,372000,201
84,1,Vestuario,14000,0,229000,141
85,10,Vestuario,13100,0,420000,196
86,3,Vestuario,13500,0,696000,188
87,6,Alimentos,6400,1,210000,247
88,11,Electrohogar,17900,1,196000,153
89,4,Tecnologia,23200,1,319000,148
90,9,Tecnologia,20600,0,643000,152
91,8,Vestuario,12000,0,189000,171
92,11,Electrohogar,21400,1,415000,160
93,5,Vestuario,13700,1,705000,204
94,3,Tecnologia,26000,0,214000,93
95,7,Alimentos,7500,0,74000,195
96,10,Tecnologia,27600,0,202000,73
97,10,Alimentos,7200,0,473000,232
98,4,Vestuario,12100,0,402000,185
99,5,Alimentos,7000,1,866000,246
100,5,Electrohogar,14100,0,795000,184
101,7,Vestuario,15400,0,232000,151
102,9,Tecnologia,27700,0,705000,79
103,9,Vestuario,14000,0,887000,187
104,6,Vestuario,14700,0,859000,162
105,11,Tecnologia,24100,1,696000,192
106,12,Vestuario,14100,0,372000,210
107,9,Tecnologia,25400,0,819000,122
108,8,Tecnologia,27600,0,530000,72
109,1,Tecnologia,18800,1,402000,152
110,11,Alimentos,7300,0,130000,232
111,1,Electrohogar,18600,0,753000,131
112,5,Alimentos,6700,1,209000,240
113,9,Vestuario,16500,1,691000,179
114,12,Alimentos,7500,0,768000,280
115,4,Electrohogar,16600,1,389000,168
116,11,Vestuario,15200,0,61000,155
117,6,Tecnologia,23300,0,242000,103
118,10,Alimentos,7300,0,226000,233
119,9,Electrohogar,21800,0,323000,122
120,12,Vestuario,13100,0,190000,214
121,1,Alimentos,4900,0,700000,275
122,7,Electrohogar,20500,0,188000,101
123,3,Tecnologia,27500,0,315000,76
124,7,Electrohogar,16200,1,193000,189
125,5,Alimentos,6200,0,544000,218
126,3,Tecnologia,24900,0,264000,100
127,6,Vestuario,13300,0,139000,153
128,4,Alimentos,7600,0,871000,241
129,1,Electrohogar,14200,0,53000,147
130,7,Alimentos,5000,0,386000,218
131,9,Electrohogar,19000,0,574000,161
132,6,Tecnologia,24200,1,426000,140
133,1,Alimentos,5800,0,464000,212
134,11,Electrohogar,14800,0,383000,141
135,2,Vestuario,16500,0,236000,138
136,7,Alimentos,6900,0,400000,232
137,3,Electrohogar,18400,0,642000,154
138,2,Tecnologia,24700,1,268000,89
139,9,Vestuario,11700,1,381000,218
140,2,Tecnologia,21000,1,108000,148
141,10,Vestuario,15100,1,521000,192
142,8,Alimentos,6000,0,647000,226
143,9,Alimentos,6600,0,615000,263
144,5,Tecnologia,23700,0,196000,94
145,12,Alimentos,6500,1,871000,329
146,5,Electrohogar,19300,1,898000,165
147,7,Tecnologia,25500,0,784000,107
148,4,Vestuario,11600,0,472000,163
149,7,Electrohogar,16900,0,253000,119
150,6,Tecnologia,26000,0,246000,57
151,10,Alimentos,7400,0,279000,213
152,8,Electrohogar,20700,1,690000,181
153,8,Vestuario,14700,0,594000,170
154,8,Alimentos,7200,0,752000,253
155,9,Alimentos,6800,0,614000,245
156,2,Electrohogar,18000,0,313000,110
157,6,Alimentos,7000,0,364000,206
158,7,Electrohogar,16700,1,238000,190
159,8,Vestuario,11700,0,127000,160
160,10,Tecnologia,22900,0,490000,145
161,10,Vestuario,15000,0,252000,197
162,2,Vestuario,14100,1,723000,206
163,2,Vestuario,16200,1,672000,157
164,4,Tecnologia,22400,1,215000,132
165,6,Alimentos,7000,0,593000,221
166,5,Tecnologia,18900,1,275000,200
167,12,Vestuario,15900,1,536000,222
168,10,Electrohogar,21900,0,791000,143
169,4,Electrohogar,20300,1,411000,153
170,3,Alimentos,6100,0,288000,217
171,3,Alimentos,7500,0,330000,231
172,1,Alimentos,4900,1,840000,275
173,8,Electrohogar,17700,0,432000,161
174,10,Alimentos,5500,0,424000,234
175,8,Alimentos,5200,1,860000,297
176,2,Alimentos,5600,0,329000,185
177,10,Electrohogar,20800,0,727000,118
178,12,Vestuario,14000,1,198000,226
179,2,Alimentos,7400,1,760000,219
180,10,Electrohogar,18200,0,85000,123
181,6,Tecnologia,24000,1,562000,166
182,1,Vestuario,11400,0,179000,180
183,8,Tecnologia,25100,1,381000,109
184,3,Alimentos,7200,0,278000,211
185,8,Electrohogar,17700,0,498000,137
186,3,Tecnologia,19400,0,568000,158
187,9,Alimentos,5200,1,215000,285
188,9,Alimentos,7700,0,702000,257
189,2,Vestuario,13300,0,736000,162
190,10,Vestuario,16400,1,149000,157
191,1,Tecnologia,22000,0,619000,90
192,3,Vestuario,12000,0,371000,185
193,9,Vestuario,13200,0,501000,178
194,4,Alimentos,6500,1,141000,240
195,11,Electrohogar,19800,1,597000,175
196,12,Tecnologia,19700,1,397000,237
197,5,Vestuario,11800,0,153000,190
198,12,Tecnologia,27900,1,690000,130
199,6,Vestuario,10600,0,620000,200
200,6,Vestuario,13500,1,891000,181
201,9,Alimentos,5800,1,178000,232
202,5,Vestuario,12200,1,817000,223
203,11,Vestuario,15600,1,75000,205
204,12,Electrohogar,19900,1,615000,196
205,2,Vestuario,13700,0,207000,139
206,4,Vestuario,13100,0,510000,154
207,3,Alimentos,6200,1,852000,267
208,5,Alimentos,6000,0,459000,213
209,12,Electrohogar,15800,0,380000,211
210,12,Electrohogar,18400,0,269000,153
211,3,Alimentos,4900,0,429000,244
212,9,Tecnologia,25700,1,722000,149
213,8,Tecnologia,26400,1,384000,154
214,6,Electrohogar,16100,1,216000,156
215,2,Tecnologia,26200,0,634000,65
216,10,Tecnologia,22800,0,77000,122
217,11,Alimentos,4900,0,808000,293
218,2,Tecnologia,18000,1,857000,195
219,10,Alimentos,7000,0,397000,239
220,6,Electrohogar,15500,1,372000,178
221,7,Alimentos,7000,1,506000,233
222,4,Alimentos,5200,0,180000,227
223,10,Electrohogar,17400,1,874000,206
224,12,Vestuario,13500,0,149000,200
225,11,Tecnologia,24600,0,293000,137
226,4,Electrohogar,17600,1,445000,186
227,6,Electrohogar,21000,0,485000,127
228,4,Tecnologia,24800,0,559000,77
229,6,Alimentos,6700,1,556000,255
230,11,Alimentos,6200,1,835000,289
231,3,Vestuario,15600,0,695000,187
232,10,Tecnologia,26700,0,363000,96
233,11,Alimentos,6900,1,381000,256
234,2,Electrohogar,20500,0,686000,125
235,3,Electrohogar,18600,1,292000,157
236,12,Alimentos,7100,0,610000,266
237,12,Alimentos,6700,0,400000,295
238,6,Alimentos,6400,0,574000,214
239,9,Alimentos,6100,0,629000,248
240,11,Tecnologia,24200,1,160000,157
241,11,Electrohogar,15600,0,466000,154
242,8,Tecnologia,18000,0,453000,155
243,1,Tecnologia,24800,0,805000,108
244,11,Tecnologia,24700,0,645000,154
245,5,Alimentos,5500,0,144000,235
246,4,Alimentos,6800,1,148000,268
247,12,Alimentos,7500,0,715000,270
248,10,Alimentos,5100,0,171000,208
249,4,Vestuario,15300,1,524000,171
250,1,Vestuario,14400,0,755000,170
251,2,Alimentos,6300,0,134000,189
252,10,Tecnologia,20800,0,834000,158
253,11,Vestuario,14700,0,868000,193
254,1,Vestuario,15000,0,781000,127
255,10,Alimentos,5800,0,411000,237
256,9,Electrohogar,19700,1,238000,162
257,9,Alimentos,7000,0,849000,231
258,11,Vestuario,14300,0,722000,202
259,3,Vestuario,15800,0,874000,192
260,11,Vestuario,11700,0,344000,179
261,10,Vestuario,15000,0,860000,173
262,2,Electrohogar,17800,0,526000,134
263,9,Vestuario,13200,0,520000,191
264,7,Vestuario,10600,0,820000,218
265,2,Vestuario,12500,0,103000,166
266,12,Tecnologia,27700,1,837000,187
267,6,Tecnologia,24500,0,444000,85
268,7,Vestuario,11500,1,739000,272
269,7,Tecnologia,17900,0,844000,188
270,6,Vestuario,10600,0,742000,230
271,11,Electrohogar,17800,0,445000,170
272,11,Electrohogar,15300,0,668000,197
273,2,Tecnologia,24300,0,725000,97
274,3,Vestuario,14300,0,865000,184
275,11,Alimentos,6200,0,399000,239
276,5,Electrohogar,21000,0,132000,79
277,3,Electrohogar,17400,1,708000,172
278,8,Electrohogar,19400,0,614000,148
279,1,Alimentos,7600,0,341000,220
280,2,Alimentos,6000,0,228000,198
281,10,Vestuario,13100,0,664000,169
282,6,Tecnologia,26300,1,202000,98
283,2,Alimentos,5500,0,259000,201
284,4,Tecnologia,18000,0,507000,146
285,6,Electrohogar,17900,1,65000,173
286,12,Tecnologia,25400,0,762000,147
287,3,Tecnologia,26900,0,691000,96
288,4,Vestuario,16300,1,688000,198
289,9,Electrohogar,22100,0,317000,124
290,2,Electrohogar,15800,1,87000,172
291,1,Vestuario,10600,0,271000,187
292,5,Electrohogar,14400,0,894000,182
293,5,Electrohogar,15500,0,410000,150
294,10,Electrohogar,19300,0,552000,146
295,9,Vestuario,14400,0,836000,185
296,6,Vestuario,11000,1,734000,250
297,8,Alimentos,5100,0,762000,249
298,8,Tecnologia,27600,0,561000,68
299,5,Electrohogar,20800,1,493000,156
300,9,Electrohogar,15900,0,147000,137
301,4,Alimentos,5900,0,220000,231
302,12,Alimentos,5500,0,702000,276
303,8,Vestuario,13300,0,393000,146
304,6,Vestuario,12000,0,354000,177
305,10,Tecnologia,20600,0,495000,150
306,6,Electrohogar,18500,1,161000,160
307,4,Vestuario,14000,1,228000,163
308,12,Vestuario,13100,1,379000,264
309,6,Vestuario,11100,0,734000,212
310,10,Electrohogar,14800,0,531000,165
311,12,Electrohogar,17700,0,879000,189
312,1,Tecnologia,26800,1,598000,123
313,6,Tecnologia,20300,0,692000,146
314,7,Vestuario,15900,0,474000,158
315,8,Electrohogar,16300,0,365000,129
316,9,Tecnologia,26800,0,729000,106
317,8,Vestuario,16600,1,781000,209
318,7,Alimentos,6600,0,761000,217
319,7,Vestuario,12400,0,870000,218
320,5,Electrohogar,18200,0,810000,137
321,10,Tecnologia,26600,0,412000,71
322,6,Electrohogar,19200,1,523000,142
323,1,Electrohogar,13900,0,66000,124
324,6,Alimentos,6800,1,659000,244
325,3,Alimentos,7600,0,282000,227
326,7,Electrohogar,21900,1,340000,80
327,5,Tecnologia,18300,0,537000,171
328,4,Alimentos,5500,0,823000,296
329,2,Alimentos,7500,0,108000,202
330,11,Tecnologia,20500,0,812000,193
331,12,Vestuario,13400,0,779000,221
332,2,Vestuario,16700,0,427000,113
333,1,Electrohogar,13900,0,102000,135
334,7,Tecnologia,19700,1,406000,183
335,3,Electrohogar,21700,1,59000,154
336,1,Vestuario,12000,1,75000,185
337,2,Alimentos,7700,0,874000,220
338,9,Vestuario,14500,1,141000,194
339,10,Electrohogar,15300,0,369000,172
340,5,Electrohogar,15500,0,785000,159
341,6,Electrohogar,15500,0,53000,153
342,8,Vestuario,13400,0,650000,187
343,11,Alimentos,6300,0,104000,239
344,5,Vestuario,15000,1,615000,201
345,2,Electrohogar,14800,0,96000,133
346,8,Tecnologia,23500,0,213000,96
347,3,Tecnologia,19100,1,487000,184
348,12,Vestuario,13100,1,897000,282
349,9,Tecnologia,25400,1,868000,143
350,3,Alimentos,6100,0,395000,226
351,1,Alimentos,6200,1,514000,248
352,5,Vestuario,14800,0,651000,150
353,4,Tecnologia,19100,1,835000,211
354,7,Tecnologia,26000,1,67000,81
355,5,Alimentos,5800,0,236000,203
356,6,Alimentos,5800,0,546000,233
357,1,Tecnologia,27900,0,742000,81
358,2,Tecnologia,25900,0,176000,48
359,8,Alimentos,5600,1,718000,271
360,1,Alimentos,6500,1,854000,237
361,11,Tecnologia,23800,0,116000,105
362,11,Tecnologia,21800,0,323000,127
363,3,Electrohogar,21200,0,268000,113
364,3,Electrohogar,16500,0,856000,163
365,2,Tecnologia,20400,1,584000,192
366,2,Electrohogar,14200,0,202000,136
367,6,Tecnologia,18200,1,801000,186
368,11,Vestuario,11400,0,643000,209
369,1,Electrohogar,21200,0,151000,95
370,9,Electrohogar,17500,0,747000,172
371,3,Alimentos,7300,0,187000,226
372,3,Electrohogar,22100,0,844000,120
373,6,Tecnologia,19400,1,586000,197
374,7,Tecnologia,21400,0,556000,143
375,4,Electrohogar,19800,0,704000,131
376,3,Electrohogar,22000,1,825000,186
377,2,Alimentos,7100,0,768000,239
378,1,Alimentos,5100,0,470000,201
379,5,Tecnologia,18000,0,630000,199
380,12,Tecnologia,20400,1,385000,218
381,3,Tecnologia,20700,0,798000,161
382,1,Alimentos,6400,0,575000,192
383,8,Tecnologia,18300,0,865000,189
384,4,Electrohogar,20400,1,94000,135
385,7,Vestuario,10700,0,869000,190
386,6,Alimentos,7500,0,353000,191
387,10,Alimentos,6400,1,390000,238
388,11,Vestuario,14900,1,852000,220
389,2,Vestuario,15900,0,800000,146
390,10,Tecnologia,21000,0,333000,127
391,6,Alimentos,7400,1,833000,241
392,10,Vestuario,12100,1,87000,216
393,8,Vestuario,14300,0,562000,141
394,2,Alimentos,7100,1,143000,201
395,7,Vestuario,16200,0,93000,107
396,2,Tecnologia,25400,0,79000,67
397,1,Tecnologia,24400,0,611000,103
398,12,Tecnologia,24400,0,501000,150
399,8,Electrohogar,20500,0,709000,133
400,7,Electrohogar,19500,1,300000,157
401,7,Tecnologia,25200,0,96000,66
402,12,Tecnologia,23700,1,257000,176
403,6,Electrohogar,20700,0,455000,111
404,9,Electrohogar,20900,0,363000,114
405,5,Vestuario,15700,0,102000,139
406,5,Alimentos,7200,0,440000,216
407,11,Electrohogar,14000,0,273000,183
408,5,Vestuario,16000,0,525000,121
409,4,Alimentos,7000,1,683000,259
410,4,Tecnologia,19300,0,143000,116
411,1,Tecnologia,25700,1,249000,100
412,3,Alimentos,7500,0,797000,239
413,4,Alimentos,5900,1,346000,250
414,3,Vestuario,13000,0,240000,172
415,11,Alimentos,6200,1,545000,300
416,5,Electrohogar,21500,1,627000,146
417,6,Alimentos,7300,0,840000,216
418,2,Electrohogar,18300,0,378000,110
419,3,Vestuario,16100,0,839000,181
420,11,Vestuario,16300,0,883000,175
421,10,Vestuario,15600,0,702000,201
422,5,Vestuario,15800,1,102000,174
423,9,Alimentos,6900,1,206000,229
424,8,Tecnologia,26800,0,365000,83
425,4,Electrohogar,17200,0,727000,126
426,1,Electrohogar,14400,0,475000,127
427,4,Electrohogar,17000,0,254000,115
428,10,Alimentos,7100,0,130000,213
429,9,Electrohogar,19500,1,98000,132
430,8,Vestuario,15600,1,128000,183
431,5,Vestuario,13000,0,835000,173
432,8,Vestuario,12200,0,524000,216
433,5,Alimentos,5300,0,819000,248
434,1,Vestuario,14300,0,195000,114
435,4,Tecnologia,22000,0,77000,106
436,10,Tecnologia,23100,0,777000,157
437,8,Alimentos,5400,0,749000,269
438,7,Tecnologia,26500,0,435000,94
439,9,Tecnologia,27900,1,374000,123
440,8,Alimentos,6100,0,345000,232
441,6,Tecnologia,20100,0,828000,134
442,8,Alimentos,7400,1,849000,303
443,12,Electrohogar,21900,1,827000,202
444,4,Tecnologia,27600,1,158000,101
445,8,Tecnologia,20500,1,136000,157
446,9,Tecnologia,22000,1,812000,170
447,10,Tecnologia,27900,1,604000,115
448,12,Alimentos,5800,0,536000,294
449,5,Tecnologia,18900,1,389000,184
450,8,Alimentos,7000,0,869000,263
451,6,Electrohogar,14100,0,416000,139
452,5,Tecnologia,25200,1,585000,104
453,3,Vestuario,11500,1,416000,218
454,7,Alimentos,5400,0,487000,234
455,12,Electrohogar,15700,0,185000,208
456,3,Alimentos,6700,0,532000,231
457,7,Alimentos,7200,0,249000,186
458,10,Vestuario,15300,0,686000,157
459,2,Vestuario,12900,0,136000,150
460,7,Alimentos,6900,1,852000,280
461,12,Tecnologia,23900,0,722000,198
462,12,Alimentos,5100,0,77000,295
463,7,Alimentos,5200,0,353000,222
464,8,Alimentos,7800,0,305000,177
465,7,Vestuario,12500,0,451000,167
466,7,Tecnologia,24400,0,828000,135
467,1,Tecnologia,27200,0,391000,66
468,2,Vestuario,14400,0,755000,158
469,11,Alimentos,5800,1,711000,274
470,8,Electrohogar,20700,1,652000,153
471,11,Electrohogar,20700,0,450000,128
472,9,Electrohogar,16000,1,86000,176
473,3,Tecnologia,27100,1,410000,102
474,2,Tecnologia,23800,0,560000,107
475,7,Electrohogar,18400,0,233000,132
476,12,Electrohogar,17000,0,315000,182
477,12,Vestuario,11400,0,193000,244
478,1,Vestuario,14300,1,800000,191
479,8,Tecnologia,20900,0,813000,158
480,11,Tecnologia,25100,1,389000,159
