transaccion_id,monto_clp,hora_transaccion,pais_distinto_habitual,dispositivo_nuevo,num_transacciones_dia_cliente,fraude
500000,108200,11,0,0,0,0
500001,29100,14,0,0,1,0
500002,17200,19,0,0,2,0
500003,24600,19,0,0,4,0
500004,17200,12,0,0,1,0
500005,5200,20,0,0,3,0
500006,22700,13,0,0,1,0
500007,19700,18,0,0,0,0
500008,70800,20,0,0,0,0
500009,13900,12,0,0,2,0
500010,23400,8,0,0,5,0
500011,9000,12,0,0,2,0
500012,29600,17,0,0,4,0
500013,18700,12,0,0,2,0
500014,56200,11,0,0,3,0
500015,31300,22,0,0,3,0
500016,39700,11,1,0,0,0
500017,12200,17,0,0,2,0
500018,69700,11,1,0,0,0
500019,31900,19,0,0,5,0
500020,57800,16,0,1,0,0
500021,76300,11,0,0,0,0
500022,26300,21,0,0,0,0
500023,51700,7,0,0,1,0
500024,27800,16,1,0,5,0
500025,56200,17,0,0,1,0
500026,90900,10,0,0,1,0
500027,141700,11,0,0,2,0
500028,23900,19,0,1,4,0
500029,60800,22,0,0,3,0
500030,6600,10,0,0,2,0
500031,35200,16,0,0,1,0
500032,122200,15,1,0,4,0
500033,23200,12,0,0,3,0
500034,16400,17,1,0,2,0
500035,31200,19,0,0,3,0
500036,70400,17,0,0,1,0
500037,73800,15,0,0,1,0
500038,46300,13,0,0,6,0
500039,54800,21,0,1,7,1
500040,14300,9,0,1,3,0
500041,12000,17,0,0,5,0
500042,30100,12,0,0,3,0
500043,130100,8,0,0,2,0
500044,61800,8,0,0,4,0
500045,73500,15,0,0,1,0
500046,35300,18,0,0,2,0
500047,69400,19,0,0,2,0
500048,31500,18,0,1,2,0
500049,94600,14,0,0,5,0
500050,19700,20,0,1,2,0
500051,35900,10,0,1,0,0
500052,3400,16,0,0,2,0
500053,32500,20,1,0,1,0
500054,26700,22,0,0,0,0
500055,34400,10,0,0,3,0
500056,50200,6,0,0,1,0
500057,17700,15,0,0,2,0
500058,155100,12,0,0,1,0
500059,25600,6,0,0,1,0
500060,57900,8,0,0,0,0
500061,65500,16,0,0,2,0
500062,48700,11,0,0,0,0
500063,22400,12,0,0,2,0
500064,16600,11,0,0,2,0
500065,3000,16,0,0,3,0
500066,55200,11,0,0,3,0
500067,11100,10,0,0,4,0
500068,106800,17,0,0,3,0
500069,27300,14,0,0,1,0
500070,54400,7,0,0,1,0
500071,144700,12,0,0,1,0
500072,64000,11,0,0,1,0
500073,11600,12,0,0,1,0
500074,20200,16,0,0,3,0
500075,53100,12,0,0,3,0
500076,24600,19,0,0,3,0
500077,171200,7,0,0,2,0
500078,39800,21,0,0,4,0
500079,78600,11,0,0,1,0
500080,71300,13,0,0,2,0
500081,36900,6,0,0,2,0
500082,147100,10,0,0,1,0
500083,321000,20,0,0,1,0
500084,15100,18,0,0,3,0
500085,20600,22,0,1,0,0
500086,23200,23,0,0,1,0
500087,112300,10,0,0,1,0
500088,55500,15,0,0,2,0
500089,91600,8,0,0,3,0
500090,93400,5,0,0,0,0
500091,67300,12,0,0,2,0
500092,137800,20,1,0,1,0
500093,45200,3,0,0,2,0
500094,112400,13,0,0,2,0
500095,36400,18,0,0,0,0
500096,44900,5,0,0,3,0
500097,48400,21,0,0,2,0
500098,40000,14,0,0,2,0
500099,10600,1,0,0,2,0
500100,25700,11,0,0,0,0
500101,9600,19,0,0,1,0
500102,37000,21,0,1,3,0
500103,20600,16,0,0,3,0
500104,27400,10,0,0,3,0
500105,49500,11,0,0,4,0
500106,56400,22,0,0,3,0
500107,7200,11,0,0,2,0
500108,14600,8,0,0,1,0
500109,17300,23,1,0,2,0
500110,15100,19,0,0,1,0
500111,28900,0,0,0,0,0
500112,73400,8,0,0,3,0
500113,84000,14,0,0,2,0
500114,102900,7,0,1,3,0
500115,154000,0,1,0,2,0
500116,92900,9,0,0,7,0
500117,5600,9,0,0,3,0
500118,31700,10,0,0,5,0
500119,30000,19,0,0,2,0
500120,10800,4,0,0,5,0
500121,68200,19,0,0,3,0
500122,24700,21,0,0,3,0
500123,53100,21,0,0,3,0
500124,239500,23,0,0,3,0
500125,24600,10,0,0,2,0
500126,35700,15,0,0,0,0
500127,22800,8,0,0,1,0
500128,31100,7,0,0,1,0
500129,7600,20,0,0,6,0
500130,15000,9,0,0,2,0
500131,137800,9,0,0,0,0
500132,47000,8,0,0,3,0
500133,33700,0,0,0,3,0
500134,35300,10,0,1,4,0
500135,31500,9,1,0,3,0
500136,75400,12,0,0,1,0
500137,12100,13,0,0,2,0
500138,158600,8,0,0,3,0
500139,57100,21,0,0,2,0
500140,9200,17,0,0,2,0
500141,19900,11,0,0,2,0
500142,7900,10,0,0,1,0
500143,150800,19,0,0,1,0
500144,27100,16,0,0,3,0
500145,30100,22,0,1,3,0
500146,21200,10,0,0,0,0
500147,77700,13,0,0,0,0
500148,49400,12,0,0,4,0
500149,12700,23,0,0,3,0
500150,19800,16,0,0,4,0
500151,89000,23,1,0,2,1
500152,17300,23,0,0,1,0
500153,25100,20,0,0,3,0
500154,12900,17,1,0,1,0
500155,208700,0,0,0,6,1
500156,11100,0,1,1,2,1
500157,17600,17,0,0,1,0
500158,2100,14,0,0,1,0
500159,60800,1,0,0,1,0
500160,23800,19,0,0,5,0
500161,46500,17,0,0,1,0
500162,120200,8,0,0,1,0
500163,261000,14,0,0,4,0
500164,29500,9,0,0,3,0
500165,30600,2,0,0,0,0
500166,272700,16,0,0,4,0
500167,157400,19,0,0,1,0
500168,17400,11,0,0,1,0
500169,5200,13,0,0,2,0
500170,154400,16,0,0,4,0
500171,74600,11,0,0,2,0
500172,24300,20,0,0,2,0
500173,15300,7,0,0,3,0
500174,84400,20,0,0,4,0
500175,198600,8,0,0,2,0
500176,31800,11,0,0,3,0
500177,4900,0,1,0,2,0
500178,58900,18,0,0,5,0
500179,10200,13,0,0,1,0
500180,45300,6,0,0,3,0
500181,84600,15,0,0,6,0
500182,31800,18,0,0,0,0
500183,27100,9,0,0,4,0
500184,12200,23,0,0,1,0
500185,44200,8,0,0,3,0
500186,9200,21,0,0,4,0
500187,21200,17,0,0,0,0
500188,7700,11,0,0,2,0
500189,25900,12,1,0,3,0
500190,36900,23,0,1,2,0
500191,23300,10,0,1,1,0
500192,32800,0,0,0,2,1
500193,35300,16,0,0,3,0
500194,115800,8,0,0,3,0
500195,55600,10,0,0,5,0
500196,79200,21,0,0,4,1
500197,88000,10,0,0,4,1
500198,43300,6,0,0,5,0
500199,62200,18,0,0,4,0
500200,13200,21,0,0,4,0
500201,50400,13,0,0,1,0
500202,40100,17,0,1,2,0
500203,13100,18,0,0,3,0
500204,325700,10,0,0,3,0
500205,21700,16,0,0,3,0
500206,26800,11,0,0,2,0
500207,13600,20,0,0,3,0
500208,68200,11,0,0,1,0
500209,12800,19,0,0,4,0
500210,43600,14,0,0,1,0
500211,57900,18,0,0,2,0
500212,52900,11,0,0,5,0
500213,4300,14,0,0,5,0
500214,18100,14,0,0,6,0
500215,31200,13,0,0,1,0
500216,10800,14,0,0,3,0
500217,159800,2,0,0,3,0
500218,45700,21,0,0,2,0
500219,207400,0,0,0,4,0
500220,63200,17,0,0,2,0
500221,50900,7,0,0,1,0
500222,92700,12,0,0,2,0
500223,101600,17,0,0,3,0
500224,33700,23,0,0,4,0
500225,63700,19,0,0,1,0
500226,24900,8,0,0,9,0
500227,49300,15,0,0,2,0
500228,93700,15,0,0,6,1
500229,253800,10,1,0,2,0
500230,6800,9,0,0,1,0
500231,56300,22,0,0,2,0
500232,75200,11,0,0,2,0
500233,43000,9,0,0,1,0
500234,34100,17,0,0,1,0
500235,42300,12,0,0,1,0
500236,34400,16,0,0,3,0
500237,237700,13,0,0,2,0
500238,52900,21,0,0,4,0
500239,151600,22,0,0,6,0
500240,42500,9,0,0,5,0
500241,50100,13,0,0,3,0
500242,152100,12,0,0,3,0
500243,17400,10,0,0,7,0
500244,21300,16,0,0,3,0
500245,121700,9,0,0,3,0
500246,36400,9,0,0,2,0
500247,55200,22,0,0,2,0
500248,93300,8,0,1,1,0
500249,13900,8,0,0,5,0
500250,33800,17,0,0,3,0
500251,140100,11,0,0,2,0
500252,21700,12,0,0,0,0
500253,75100,16,0,0,4,0
500254,19300,13,0,0,0,0
500255,5100,19,1,1,2,0
500256,48500,17,0,0,1,0
500257,41100,18,0,0,2,0
500258,25000,6,0,0,2,0
500259,49000,19,0,0,1,0
500260,43900,16,0,0,1,0
500261,19700,12,0,0,1,0
500262,20300,15,0,1,1,0
500263,7800,16,1,0,3,0
500264,25400,9,0,0,4,0
500265,6800,18,0,0,1,0
500266,81500,19,0,0,4,0
500267,173200,8,0,0,3,0
500268,57400,16,0,0,3,0
500269,30800,20,0,0,1,0
500270,88800,23,0,0,2,0
500271,10800,18,0,0,3,0
500272,155400,14,0,0,1,0
500273,44400,2,0,0,1,0
500274,24500,11,0,0,0,0
500275,11300,20,0,0,1,0
500276,226100,10,0,0,3,0
500277,38800,19,0,0,2,0
500278,12200,1,0,0,0,0
500279,27500,20,0,0,2,0
500280,38100,20,0,0,0,0
500281,191300,9,0,0,3,0
500282,36200,22,0,0,1,0
500283,19200,9,0,1,3,0
500284,53000,8,0,1,3,0
500285,12000,19,0,0,2,0
500286,7000,6,0,1,3,0
500287,24300,22,0,0,2,0
500288,27400,14,0,0,1,0
500289,51400,15,0,1,1,0
500290,12500,9,0,0,3,0
500291,69200,11,0,0,1,0
500292,19600,20,0,0,1,0
500293,347600,7,1,0,5,0
500294,119100,19,0,0,2,0
500295,3100,10,0,0,1,0
500296,38700,14,0,1,3,0
500297,52400,10,0,0,3,0
500298,72000,8,0,0,2,1
500299,98100,19,0,0,3,0
500300,95300,8,0,0,3,0
500301,27900,19,1,1,2,0
500302,34200,17,0,0,4,0
500303,2000,18,0,0,0,0
500304,133100,17,0,0,2,0
500305,44100,16,0,0,2,0
500306,80300,12,0,0,0,0
500307,11400,18,0,0,3,0
500308,57000,16,1,0,1,0
500309,36800,4,0,0,0,0
500310,33400,9,0,0,5,0
500311,7900,8,0,0,3,0
500312,87200,15,0,0,1,0
500313,33200,22,0,0,1,0
500314,37700,21,0,0,1,0
500315,26900,15,0,0,4,0
500316,130800,7,0,0,3,0
500317,33800,16,0,1,2,0
500318,44200,13,0,0,0,0
500319,22900,16,0,0,2,0
500320,99500,5,0,0,5,0
500321,40100,8,0,0,1,0
500322,21700,19,0,1,1,0
500323,59300,18,0,0,4,0
500324,145100,20,0,0,1,0
500325,43600,13,0,0,3,0
500326,12300,21,0,0,3,0
500327,91200,8,1,0,0,0
500328,43500,13,0,0,2,0
500329,17100,10,1,0,3,0
500330,46500,14,0,0,4,0
500331,73700,19,0,1,2,0
500332,44700,20,0,0,4,0
500333,57100,9,0,0,2,0
500334,13200,22,0,0,3,0
500335,22600,9,0,0,0,0
500336,11900,6,1,0,2,0
500337,11100,21,0,0,4,0
500338,60900,18,1,0,3,0
500339,43800,18,0,0,0,0
500340,14800,15,0,0,4,0
500341,37500,12,0,0,1,0
500342,47900,10,0,0,1,0
500343,54400,12,0,0,3,0
500344,62600,1,0,0,1,0
500345,17100,20,1,0,2,0
500346,126900,18,0,0,3,0
500347,17200,12,0,0,1,0
500348,20800,9,0,0,2,0
500349,49400,8,0,0,3,0
500350,45300,1,0,0,2,0
500351,6500,8,0,0,3,0
500352,41000,10,0,0,1,0
500353,38300,10,1,0,3,0
500354,297300,17,0,0,3,0
500355,13000,19,0,0,1,0
500356,54400,14,0,0,1,0
500357,14900,9,0,1,1,0
500358,27600,23,1,0,1,0
500359,4200,18,0,1,4,0
500360,47100,12,0,1,1,0
500361,197100,11,1,0,1,0
500362,236800,11,0,0,2,0
500363,7900,23,0,0,6,0
500364,5300,17,0,0,5,0
500365,97100,8,0,0,2,0
500366,7700,9,0,0,3,0
500367,82100,17,0,1,1,0
500368,165400,11,0,1,1,0
500369,11500,17,0,0,1,0
500370,44000,23,0,0,3,0
500371,10300,13,0,0,1,0
500372,227600,17,1,0,0,0
500373,7600,8,0,0,1,0
500374,46200,16,0,0,1,0
500375,92600,13,0,0,1,0
500376,71900,18,0,0,1,0
500377,13100,7,0,0,1,0
500378,24800,9,0,0,1,0
500379,65700,23,0,0,0,0
500380,27900,10,0,0,0,0
500381,108600,9,0,0,2,0
500382,19500,17,0,0,4,0
500383,226800,20,0,0,1,0
500384,24000,13,0,0,3,0
500385,31900,7,0,0,3,0
500386,14300,16,0,1,1,0
500387,155300,12,0,0,2,0
500388,67000,23,0,0,1,0
500389,246400,13,0,1,1,0
500390,7500,15,0,0,1,0
500391,68700,14,0,0,3,0
500392,53800,5,0,0,1,0
500393,28000,17,0,0,0,0
500394,13400,22,0,0,3,0
500395,4900,21,0,0,2,0
500396,161900,0,0,0,3,0
500397,125500,18,0,0,3,0
500398,17700,11,0,0,3,0
500399,66100,19,0,0,4,0
500400,11900,21,0,0,2,0
500401,36800,18,0,0,2,0
500402,20900,15,0,0,1,0
500403,12000,2,0,1,1,0
500404,82200,8,0,0,2,0
500405,86200,11,0,1,2,0
500406,22900,18,0,0,4,0
500407,49400,20,0,0,3,0
500408,226600,15,0,0,3,0
500409,49500,18,0,0,1,0
500410,45400,11,0,0,3,0
500411,36500,19,0,0,0,0
500412,51200,20,0,0,4,0
500413,63800,14,1,0,1,1
500414,25100,13,0,0,3,0
500415,88500,10,0,0,0,0
500416,23700,6,0,0,1,0
500417,128500,21,1,0,2,0
500418,74300,7,0,0,3,1
500419,73900,22,0,0,1,0
500420,13400,18,0,0,2,0
500421,42800,19,0,0,3,0
500422,42300,13,0,0,1,0
500423,30100,8,0,0,1,0
500424,45000,16,0,0,5,0
500425,156500,9,0,0,1,0
500426,35800,19,0,0,0,0
500427,66800,11,0,0,2,0
500428,136200,17,0,0,4,0
500429,27100,13,1,0,2,0
500430,64300,12,0,0,2,0
500431,31600,1,0,0,1,0
500432,22600,18,0,1,2,0
500433,26200,12,0,0,3,0
500434,172000,16,0,0,1,0
500435,21000,16,0,0,5,0
500436,7300,6,0,0,3,0
500437,87100,0,0,0,6,0
500438,39200,21,1,0,3,0
500439,32500,12,1,0,2,1
500440,46300,8,0,0,2,0
500441,19900,8,0,0,1,0
500442,70800,8,0,1,3,0
500443,22800,7,0,0,2,0
500444,14800,14,0,0,3,0
500445,17900,16,0,0,2,0
500446,47500,15,0,0,1,0
500447,73900,4,0,0,2,0
500448,69100,17,0,0,3,0
500449,13700,12,0,1,1,0
500450,15400,13,0,0,0,0
500451,112100,17,0,0,2,0
500452,2800,18,0,0,3,0
500453,116800,23,0,0,1,0
500454,90400,11,0,0,1,0
500455,14700,10,0,0,4,0
500456,103100,13,0,0,4,0
500457,114500,16,1,0,1,0
500458,34200,9,0,0,5,0
500459,3100,17,1,0,3,0
500460,26900,12,0,0,4,0
500461,64600,21,0,0,1,0
500462,27400,20,0,0,2,0
500463,99700,21,0,0,3,0
500464,20300,19,0,0,4,0
500465,53100,16,0,0,2,0
500466,16600,20,0,0,2,0
500467,61300,14,0,0,4,0
500468,61300,11,0,0,2,0
500469,7200,20,0,0,2,0
500470,19600,19,0,0,2,0
500471,58100,13,1,1,2,1
500472,7900,8,0,0,4,0
500473,23500,10,0,0,3,0
500474,32000,22,0,0,2,0
500475,5600,19,0,1,0,0
500476,6600,0,0,0,1,0
500477,50800,9,1,0,3,0
500478,121300,21,0,0,2,0
500479,10100,17,0,0,0,0
500480,57800,7,0,0,5,0
500481,30100,22,0,0,1,0
500482,52500,13,1,1,2,0
500483,57600,10,0,1,2,0
500484,50500,22,1,0,1,0
500485,51900,11,0,0,1,0
500486,16800,13,0,0,3,0
500487,20200,14,0,0,3,0
500488,213800,21,0,0,3,0
500489,114900,9,0,0,5,0
500490,242800,9,0,0,3,0
500491,25600,19,0,1,2,0
500492,31400,15,0,1,0,0
500493,29700,18,0,0,3,0
500494,15100,8,0,0,3,0
500495,76900,9,0,0,3,0
500496,13300,18,0,0,3,0
500497,23800,14,0,0,1,0
500498,30600,17,0,0,0,0
500499,19600,9,0,1,0,0
500500,25900,16,1,0,4,0
500501,41500,18,0,1,2,0
500502,43600,19,0,0,3,0
500503,30600,20,0,0,2,0
500504,7600,20,0,0,4,0
500505,54400,11,0,0,1,0
500506,69600,19,0,0,2,0
500507,88500,9,0,0,3,0
500508,114300,18,1,0,6,0
500509,35700,16,0,0,4,0
500510,12400,14,0,0,2,0
500511,17100,14,0,0,3,0
500512,28100,5,0,0,1,0
500513,3100,19,0,1,1,0
500514,33100,11,0,0,1,0
500515,77100,13,0,0,2,0
500516,53100,15,0,0,5,0
500517,16200,18,0,0,0,0
500518,43900,13,0,0,2,0
500519,60600,16,1,0,2,0
500520,22600,12,0,0,3,0
500521,6200,15,0,0,2,0
500522,25700,10,0,0,3,0
500523,14100,8,0,0,1,0
500524,18200,21,0,0,1,0
500525,261000,11,0,0,4,0
500526,7300,10,0,1,3,0
500527,26700,13,1,0,2,0
500528,72800,9,0,0,1,0
500529,100000,4,0,0,2,0
500530,24900,10,0,0,4,0
500531,146900,15,0,0,3,0
500532,29700,16,0,0,4,0
500533,44400,7,0,0,1,0
500534,44500,15,0,0,1,0
500535,106000,15,0,0,1,0
500536,24000,9,0,0,1,0
500537,111000,19,0,0,5,0
500538,29600,14,0,0,4,0
500539,38200,0,0,1,4,0
500540,146900,22,0,0,4,0
500541,69200,9,1,0,2,0
500542,141800,7,0,1,1,0
500543,27800,12,0,1,1,0
500544,131400,18,0,1,0,0
500545,3400,23,0,0,2,0
500546,30600,10,0,0,1,0
500547,14600,10,0,0,1,0
500548,59800,13,0,0,0,0
500549,19400,19,0,0,5,0
500550,10200,17,0,1,3,0
500551,24600,16,0,0,3,0
500552,100800,11,0,0,2,0
500553,14200,19,0,0,5,0
500554,36900,9,0,0,3,0
500555,25300,6,0,0,1,0
500556,131300,16,1,1,1,1
500557,39100,6,0,0,1,0
500558,32800,13,0,1,1,0
500559,641000,16,0,0,0,0
500560,27800,16,0,0,2,0
500561,36000,16,0,0,2,0
500562,21100,20,0,0,2,0
500563,25800,7,0,0,2,0
500564,873500,9,0,0,1,0
500565,71600,22,0,0,1,0
500566,57200,15,0,0,3,0
500567,26400,1,0,0,1,0
500568,11100,18,0,0,3,0
500569,22400,12,0,0,4,0
500570,35900,13,0,0,0,0
500571,25000,21,0,0,2,0
500572,52300,8,1,0,4,0
500573,45600,16,0,0,2,0
500574,13200,11,1,0,5,0
500575,32700,18,0,0,0,0
500576,125500,20,0,0,2,0
500577,138500,12,0,0,4,0
500578,142700,9,0,0,2,0
500579,32700,18,0,0,2,0
500580,67000,19,0,0,3,0
500581,57600,13,0,0,3,0
500582,35600,8,1,0,2,0
500583,22300,13,0,0,2,0
500584,22900,8,0,0,2,0
500585,67700,10,0,0,2,0
500586,20800,20,0,0,4,0
500587,34200,21,0,1,1,0
500588,109500,22,0,0,3,0
500589,51800,15,1,0,2,0
500590,20600,15,0,0,1,0
500591,66400,20,0,0,1,0
500592,63800,13,0,0,2,0
500593,210900,20,0,0,6,0
500594,12600,20,0,0,4,0
500595,77700,14,0,0,1,0
500596,30400,9,0,0,2,0
500597,20600,14,0,0,2,0
500598,15200,9,0,0,6,0
500599,29000,11,0,0,2,0
500600,141500,19,1,0,1,0
500601,43100,9,0,0,4,0
500602,40800,19,1,0,2,0
500603,27400,19,0,0,3,0
500604,11600,21,0,0,4,0
500605,11800,16,0,0,3,0
500606,37100,18,1,0,3,0
500607,44000,14,0,0,3,0
500608,12100,16,0,0,2,0
500609,14100,15,0,0,1,0
500610,63900,8,0,0,4,0
500611,39800,20,0,0,2,0
500612,25600,9,0,1,1,0
500613,301100,13,0,0,2,0
500614,64600,10,0,0,4,0
500615,8400,9,0,0,3,0
500616,237200,13,0,0,2,0
500617,20400,17,0,0,5,0
500618,28000,8,0,0,1,0
500619,61500,11,0,0,1,0
500620,23800,19,0,0,2,0
500621,87800,11,0,0,0,0
500622,116100,12,0,0,3,0
500623,46700,23,0,0,1,0
500624,17500,8,0,0,1,0
500625,49300,19,0,0,4,1
500626,71700,19,0,0,3,0
500627,33700,11,0,0,5,0
500628,45000,16,0,0,1,0
500629,21500,12,0,0,1,0
500630,16600,19,0,0,4,0
500631,61700,19,0,0,4,0
500632,35600,11,1,0,2,0
500633,11500,18,0,0,4,0
500634,57100,13,0,0,2,0
500635,13700,13,1,0,2,1
500636,184600,20,1,0,3,0
500637,11400,18,0,0,3,0
500638,7500,15,0,0,0,0
500639,29600,20,0,0,2,0
500640,48400,10,0,0,2,0
500641,19200,14,0,0,3,0
500642,14700,21,0,1,3,0
500643,50700,21,0,0,1,0
500644,17600,21,0,0,4,0
500645,71700,17,0,0,2,0
500646,10900,8,0,0,5,0
500647,21000,10,0,1,1,0
500648,52700,20,0,0,2,0
500649,17300,13,0,0,5,0
500650,38600,20,0,0,2,0
500651,32200,16,0,0,5,0
500652,52100,9,0,1,1,0
500653,30000,13,0,0,2,0
500654,11500,13,1,0,1,0
500655,7900,17,0,0,5,0
500656,78600,16,0,0,3,0
500657,10000,16,0,0,3,0
500658,64000,22,0,0,1,0
500659,32500,13,0,0,2,0
500660,60300,12,0,0,4,0
500661,10100,11,0,0,3,0
500662,118800,11,0,0,2,0
500663,29000,20,0,0,1,0
500664,70100,21,0,0,2,0
500665,94900,14,0,0,2,0
500666,5900,1,0,0,0,0
500667,82200,19,0,0,3,0
500668,14400,17,0,0,1,0
500669,19800,20,0,0,2,0
500670,21300,7,0,0,5,0
500671,7400,21,1,0,3,0
500672,35100,10,0,0,2,0
500673,9900,13,0,0,4,0
500674,8800,1,0,1,3,0
500675,416200,13,0,0,2,0
500676,52600,22,1,0,5,0
500677,38300,12,0,0,0,0
500678,42800,18,0,0,4,0
500679,24100,15,0,0,2,0
500680,50900,15,0,0,3,0
500681,99200,14,0,0,2,0
500682,52200,20,0,0,3,0
500683,146600,15,0,0,3,0
500684,17700,23,0,0,3,0
500685,21900,10,0,0,1,0
500686,27200,6,0,0,2,0
500687,7100,15,0,0,0,0
500688,95300,6,0,0,5,0
500689,69600,18,0,0,5,0
500690,208100,11,0,0,3,0
500691,11000,20,0,0,2,0
500692,53200,6,0,0,3,0
500693,14700,2,0,0,1,0
500694,73500,21,0,0,0,0
500695,34300,11,0,0,0,0
500696,30600,5,0,0,2,0
500697,13200,17,0,0,5,0
500698,5100,18,0,0,2,0
500699,15400,16,0,0,3,0
500700,8400,20,0,0,0,0
500701,16200,16,0,0,2,0
500702,38800,15,0,0,2,0
500703,7700,11,1,0,2,0
500704,17800,10,0,0,2,0
500705,30800,12,0,0,2,0
500706,196300,12,0,0,3,0
500707,18100,2,0,0,3,0
500708,52400,21,0,0,5,0
500709,436100,7,0,0,2,0
500710,40800,11,0,0,4,0
500711,46600,20,0,0,5,0
500712,39200,9,0,0,5,0
500713,18000,7,0,0,2,0
500714,15600,16,0,0,1,0
500715,20500,12,0,0,3,0
500716,33200,23,1,0,3,0
500717,61700,21,0,0,1,0
500718,13400,19,0,0,3,0
500719,91600,8,0,0,4,0
500720,48700,17,0,1,1,0
500721,28900,11,0,0,1,0
500722,17600,12,0,0,2,0
500723,11700,5,0,1,3,0
500724,43700,17,0,0,1,0
500725,103200,17,0,0,5,0
500726,21800,2,0,0,3,0
500727,58400,9,0,0,5,0
500728,63700,11,0,0,0,0
500729,10300,22,0,0,1,0
500730,81800,9,0,0,4,0
500731,44000,21,0,1,1,0
500732,24300,8,1,0,1,0
500733,60300,23,1,1,2,1
500734,91700,21,0,0,2,0
500735,40900,16,0,0,2,0
500736,180100,14,0,0,2,0
500737,25400,14,0,0,2,0
500738,253800,18,0,0,1,0
500739,14500,14,0,1,3,1
500740,37400,10,0,1,3,0
500741,94700,19,0,0,1,0
500742,18300,18,0,0,1,0
500743,7000,21,0,0,0,0
500744,38200,11,0,0,3,0
500745,7500,7,0,0,0,0
500746,34300,11,0,0,4,0
500747,59500,10,0,0,0,0
500748,29400,18,0,0,2,0
500749,10400,15,0,0,2,0
500750,74200,12,0,0,2,0
500751,15700,23,0,0,2,0
500752,15700,16,0,0,1,0
500753,23700,1,0,0,2,0
500754,25200,9,1,0,4,0
500755,17700,15,0,0,1,0
500756,43300,22,0,0,2,0
500757,13500,15,0,0,1,0
500758,5600,13,0,0,2,0
500759,14100,17,0,0,1,0
500760,10100,9,0,1,1,0
500761,93600,15,0,0,0,0
500762,15200,13,0,0,1,0
500763,153500,0,0,1,2,0
500764,51800,13,0,0,4,0
500765,13700,17,0,0,5,0
500766,15800,14,0,0,1,0
500767,41200,18,0,0,2,0
500768,27300,14,0,0,1,0
500769,5000,9,0,0,3,0
500770,27200,23,0,0,1,0
500771,78600,5,0,0,2,0
500772,51400,11,0,0,1,0
500773,5900,19,1,0,3,0
500774,33700,20,0,0,2,0
500775,40200,8,0,0,3,0
500776,38700,20,0,0,1,0
500777,93400,15,0,0,1,0
500778,19800,19,0,1,1,0
500779,45300,16,0,0,4,0
500780,11700,8,0,0,2,0
500781,11500,20,0,0,0,0
500782,44000,13,0,0,2,0
500783,50900,2,0,0,4,0
500784,83200,17,0,0,1,0
500785,22900,8,1,0,7,0
500786,85400,17,0,0,1,0
500787,105900,19,0,0,0,0
500788,140400,14,0,1,4,0
500789,113100,16,0,0,2,0
500790,6100,7,0,0,2,0
500791,35600,8,0,0,4,0
500792,6900,13,0,0,2,0
500793,63500,18,0,0,2,0
500794,14500,21,0,0,2,0
500795,52100,9,0,0,2,0
500796,3700,8,0,0,4,0
500797,96200,5,0,0,1,0
500798,180500,9,0,0,3,0
500799,8300,14,0,1,1,0
500800,37300,11,0,0,0,0
500801,49500,19,0,1,1,0
500802,38900,15,0,0,3,0
500803,17700,17,1,0,3,0
500804,363800,14,0,0,3,0
500805,40900,12,0,0,4,0
500806,10800,11,0,0,2,0
500807,22400,0,0,0,1,0
500808,14300,21,0,1,2,0
500809,164600,10,1,0,5,0
500810,31900,15,0,0,1,0
500811,11200,19,0,0,3,0
500812,48100,13,0,0,5,0
500813,92700,20,0,1,1,1
500814,40600,10,0,0,1,0
500815,64900,20,0,0,2,0
500816,44900,21,0,0,2,0
500817,28600,14,0,0,1,0
500818,66000,12,0,0,4,0
500819,24500,22,0,0,1,0
500820,42200,14,0,0,2,0
500821,14300,16,0,0,0,0
500822,19100,12,0,0,4,0
500823,21600,12,0,1,3,0
500824,9600,4,0,0,2,0
500825,27500,12,0,0,3,0
500826,80600,15,0,0,0,0
500827,72300,7,0,0,3,0
500828,40200,18,0,0,4,0
500829,23000,9,0,0,3,0
500830,114800,20,0,0,3,0
500831,109500,13,0,0,7,0
500832,73000,19,1,0,2,0
500833,31300,10,0,0,3,0
500834,43100,19,0,0,0,0
500835,13600,19,0,0,4,0
500836,66500,12,0,0,3,0
500837,71100,17,0,0,1,0
500838,56800,21,0,0,2,0
500839,31500,19,0,0,1,0
500840,46700,18,0,0,2,0
500841,33300,19,0,0,1,0
500842,45100,12,0,0,1,0
500843,7000,22,0,0,2,0
500844,5200,15,0,0,2,0
500845,43600,18,0,0,0,0
500846,49800,6,0,0,1,0
500847,52400,16,0,0,1,0
500848,172500,11,0,0,2,0
500849,18100,9,0,0,1,0
500850,46300,22,0,0,2,0
500851,11300,17,0,0,2,1
500852,43700,11,0,1,2,0
500853,52200,14,0,0,4,0
500854,23600,16,0,0,2,0
500855,23900,0,0,0,3,0
500856,27600,11,0,0,1,0
500857,28500,15,0,0,3,0
500858,51100,10,0,0,2,0
500859,124800,8,1,0,1,0
500860,10100,8,0,0,2,0
500861,64400,14,0,0,4,0
500862,131900,10,0,0,2,0
500863,61000,13,0,0,3,0
500864,28600,14,1,0,2,0
500865,194800,13,0,1,3,0
500866,17700,13,1,0,1,0
500867,92400,12,0,0,3,0
500868,14100,14,0,0,3,0
500869,72400,14,0,0,2,0
500870,35200,12,0,0,1,0
500871,19000,10,0,0,2,0
500872,42700,23,0,1,4,0
500873,108700,16,0,0,0,0
500874,66300,21,0,0,1,0
500875,35400,9,0,0,3,0
500876,43500,11,0,1,0,0
500877,11800,10,0,0,5,0
500878,167600,10,0,0,2,0
500879,71200,0,1,0,3,0
500880,57900,12,0,0,2,0
500881,16800,17,0,0,1,0
500882,8100,10,0,0,4,0
500883,16300,15,1,0,2,0
500884,17300,21,0,0,1,0
500885,27100,23,1,0,3,0
500886,14500,3,0,0,0,0
500887,45000,14,0,0,3,0
500888,17900,22,0,0,3,0
500889,16000,7,0,0,2,0
500890,73800,17,0,0,2,0
500891,62100,18,0,0,3,0
500892,11600,1,0,0,0,0
500893,67800,13,0,0,2,0
500894,21600,17,0,0,2,0
500895,63600,20,0,0,3,0
500896,156800,19,0,0,3,0
500897,69500,14,1,0,0,0
500898,38300,21,0,0,1,0
500899,217500,14,0,0,1,0
500900,151400,7,0,0,4,0
500901,13900,17,0,0,2,0
500902,81600,7,0,0,3,0
500903,42900,13,0,0,3,0
500904,2600,15,1,0,6,0
500905,75900,17,0,0,1,0
500906,19300,11,0,0,2,0
500907,15600,19,0,0,2,0
500908,8400,14,0,0,2,0
500909,24500,20,0,0,1,0
500910,25500,14,0,0,3,0
500911,19000,6,0,1,2,0
500912,20500,10,0,0,1,0
500913,28300,11,0,0,1,0
500914,13300,18,0,0,1,0
500915,46800,17,0,0,3,0
500916,22300,13,0,0,0,0
500917,19600,21,0,0,1,0
500918,28500,19,0,0,3,0
500919,65300,14,0,0,2,0
500920,38700,11,0,0,7,0
500921,862900,8,0,0,2,0
500922,30400,22,0,0,1,0
500923,30800,13,0,0,2,0
500924,21500,16,0,1,3,0
500925,96600,12,0,0,2,0
500926,44700,0,0,0,3,0
500927,123700,13,0,0,5,0
500928,31900,13,0,0,0,0
500929,12700,12,0,0,4,0
500930,6400,18,0,0,0,0
500931,124700,21,0,0,1,0
500932,77500,10,0,0,2,0
500933,31700,16,0,0,5,0
500934,53700,14,0,0,1,0
500935,68800,22,0,0,0,0
500936,77700,16,0,0,1,0
500937,26600,12,0,1,3,0
500938,10600,11,0,0,0,0
500939,26000,10,0,0,0,0
500940,70100,10,0,0,1,0
500941,122200,15,0,0,1,0
500942,135300,10,0,0,3,0
500943,35600,8,0,0,2,0
500944,49900,10,0,0,2,0
500945,12600,21,0,0,2,0
500946,24300,22,0,0,2,0
500947,74600,18,0,0,0,0
500948,47400,9,1,0,1,0
500949,11800,18,0,0,2,0
500950,8500,11,0,1,0,0
500951,95700,11,0,0,1,0
500952,66500,12,1,0,1,1
500953,86900,11,0,0,2,0
500954,2300,11,0,0,1,0
500955,55700,12,0,0,4,0
500956,3000,13,0,0,4,0
500957,19500,5,0,0,2,0
500958,9300,10,0,0,2,0
500959,31800,18,0,0,4,0
500960,93200,14,1,0,2,1
500961,112400,13,0,0,5,0
500962,74700,8,0,0,4,0
500963,38400,11,0,0,0,0
500964,6600,11,0,0,5,0
500965,70300,10,0,0,2,0
500966,42500,13,0,1,4,0
500967,66400,7,0,0,3,0
500968,56100,10,0,1,3,0
500969,82300,12,0,0,3,0
500970,250000,12,0,0,2,0
500971,17300,10,0,0,2,0
500972,19400,11,0,0,1,0
500973,23700,15,0,0,1,0
500974,7800,17,0,0,1,0
500975,368400,9,0,0,4,0
500976,57200,15,0,0,2,0
500977,36700,20,0,0,3,0
500978,113700,6,0,0,1,0
500979,54500,17,0,0,3,0
500980,43900,14,1,0,1,0
500981,37200,9,0,1,1,0
500982,21700,20,0,0,1,0
500983,58400,22,1,0,1,0
500984,19300,23,0,0,5,0
500985,21700,12,0,0,3,0
500986,9300,13,0,0,1,0
500987,12600,13,0,1,1,0
500988,20600,19,0,0,2,0
500989,19800,11,0,0,0,0
500990,13900,21,0,0,2,0
500991,73500,16,0,0,3,0
500992,62600,12,0,0,1,0
500993,266100,17,0,0,1,0
500994,29400,12,0,0,4,0
500995,27300,16,0,0,1,0
500996,8900,19,0,1,3,0
500997,34800,23,0,0,1,0
500998,99400,19,0,0,2,0
500999,35100,7,0,0,0,0
501000,12600,17,0,0,3,0
501001,15000,0,0,0,3,0
501002,52700,7,0,0,5,0
501003,17800,11,0,0,0,0
501004,42600,1,0,0,4,1
501005,334200,15,0,0,0,0
501006,13800,8,1,0,1,0
501007,22100,14,0,1,2,0
501008,5600,20,0,0,4,0
501009,17100,19,0,0,3,0
501010,14300,13,1,0,3,0
501011,54300,17,0,0,4,0
501012,61500,15,0,0,3,0
501013,279900,14,0,1,3,0
501014,39400,14,0,0,1,0
501015,70400,18,0,0,3,0
501016,29700,8,0,0,6,0
501017,13800,11,0,0,5,0
501018,38100,6,0,0,1,0
501019,85000,14,0,0,3,0
501020,91300,23,0,1,3,0
501021,6000,8,0,0,6,0
501022,42000,13,0,0,1,0
501023,74000,7,0,0,3,0
501024,132500,18,1,0,3,0
501025,42800,9,0,0,3,0
501026,17700,16,0,0,3,0
501027,9000,21,0,0,1,0
501028,93500,7,0,0,0,0
501029,30300,9,0,0,3,0
501030,84400,18,0,0,1,0
501031,88600,13,0,0,1,0
501032,32500,17,0,0,2,0
501033,196100,19,0,0,0,0
501034,15700,14,0,0,3,0
501035,12000,2,0,0,2,0
501036,91300,20,0,0,2,0
501037,101000,15,0,0,4,0
501038,5200,19,0,0,3,0
501039,16900,17,0,0,4,0
501040,39700,21,0,0,0,0
501041,17500,15,0,0,3,0
501042,31900,20,0,0,2,0
501043,17400,2,0,1,2,0
501044,116100,8,0,0,3,0
501045,122900,17,0,0,4,0
501046,52900,19,0,1,3,0
501047,122600,20,0,0,3,0
501048,10300,10,0,0,0,0
501049,446900,23,0,0,5,0
501050,21000,18,0,0,1,0
501051,107400,12,0,0,2,0
501052,23400,10,1,0,3,0
501053,30900,17,0,0,1,0
501054,33200,18,0,0,3,0
501055,25100,16,0,0,3,0
501056,68700,21,0,0,0,0
501057,73400,19,0,0,2,0
501058,47800,20,0,0,1,0
501059,50200,17,0,0,3,0
501060,16100,15,0,0,2,0
501061,69900,21,0,0,2,0
501062,43900,14,0,0,3,0
501063,20200,8,0,0,2,0
501064,265500,19,0,0,1,0
501065,2200,14,0,1,5,0
501066,23800,22,0,0,6,0
501067,172700,12,0,0,3,0
501068,100200,11,0,0,1,0
501069,41200,14,0,0,3,0
501070,25000,20,0,0,0,0
501071,191000,10,0,0,2,0
501072,10600,0,0,0,2,0
501073,27900,18,0,0,3,0
501074,14500,17,1,0,3,0
501075,6000,22,0,0,3,0
501076,19800,12,0,0,1,0
501077,337200,19,0,0,6,0
501078,58700,14,1,0,4,1
501079,49200,21,0,1,2,0
501080,14600,21,0,0,1,0
501081,25300,14,0,0,1,0
501082,61300,11,0,0,1,0
501083,6300,11,0,0,0,0
501084,18800,3,0,0,4,1
501085,68400,8,0,0,3,0
501086,26700,6,0,1,4,0
501087,277000,21,0,0,3,1
501088,123300,12,0,0,0,0
501089,22800,8,0,0,4,0
501090,23200,16,0,0,3,0
501091,9100,13,0,0,3,0
501092,65300,16,0,1,0,0
501093,74300,13,0,0,3,0
501094,40000,10,0,0,4,0
501095,75700,8,0,0,0,0
501096,44900,15,0,0,3,1
501097,17000,17,0,0,1,0
501098,36100,13,1,0,4,0
501099,8000,13,1,0,1,0
501100,85400,22,0,1,2,0
501101,9400,19,0,0,1,0
501102,121000,12,0,0,1,0
501103,117000,19,0,0,1,0
501104,9300,15,0,0,1,0
501105,42100,10,0,0,2,0
501106,57200,15,0,0,6,0
501107,62100,0,0,0,0,0
501108,17000,13,0,0,3,1
501109,85100,13,0,0,1,0
501110,22100,10,0,0,3,0
501111,6100,12,0,0,6,0
501112,27600,23,0,0,3,0
501113,20800,14,0,0,1,0
501114,29400,17,0,0,1,0
501115,73000,14,0,0,3,0
501116,26400,15,0,0,2,0
501117,40200,22,0,0,0,0
501118,37600,12,0,0,3,0
501119,13000,16,0,0,3,0
501120,3000,16,1,0,4,0
501121,122400,11,0,0,2,0
501122,14300,9,0,0,2,0
501123,30200,14,0,0,6,1
501124,89300,20,1,0,2,0
501125,20800,8,0,0,1,0
501126,17900,17,0,1,2,0
501127,44300,12,0,0,4,0
501128,23400,23,0,0,3,0
501129,8800,10,0,0,2,0
501130,59500,21,0,0,4,0
501131,36400,17,0,0,2,0
501132,29700,10,0,1,1,0
501133,77900,18,0,0,1,0
501134,189600,19,0,0,2,0
501135,28100,11,0,0,2,0
501136,94500,20,0,0,4,0
501137,16400,9,0,0,7,1
501138,33800,9,0,0,0,0
501139,23900,23,0,0,2,0
501140,27000,16,0,0,1,0
501141,83600,17,0,0,3,0
501142,35700,17,0,0,2,0
501143,124700,7,0,0,1,0
501144,4400,14,0,0,4,0
501145,81200,20,0,0,2,0
501146,70200,9,0,0,3,0
501147,8500,11,0,1,2,0
501148,154000,7,0,0,2,0
501149,144300,20,0,0,3,0
501150,24900,13,0,0,1,0
501151,23500,14,0,0,3,0
501152,46200,20,0,0,2,0
501153,25300,17,0,0,2,0
501154,121500,19,0,0,2,0
501155,23200,18,0,0,4,0
501156,12600,11,0,0,2,0
501157,11600,6,0,0,2,0
501158,77600,8,0,0,7,0
501159,10600,15,0,0,1,0
501160,5700,7,0,0,3,0
501161,34100,15,0,0,3,0
501162,40500,16,0,0,3,0
501163,29500,15,0,0,0,0
501164,38600,18,0,1,1,0
501165,68400,20,0,0,1,0
501166,26100,15,0,0,1,0
501167,30100,11,0,0,6,0
501168,227900,11,0,1,0,0
501169,29000,17,0,0,1,0
501170,76100,15,0,0,1,0
501171,15600,10,0,0,3,0
501172,23300,13,0,0,0,0
501173,18100,1,0,0,5,0
501174,35800,11,0,0,5,0
501175,14200,12,0,0,3,0
501176,37700,17,0,0,3,0
501177,3500,18,0,0,3,0
501178,19700,9,0,0,3,0
501179,44900,12,1,0,2,0
501180,15300,15,0,0,2,0
501181,16300,15,0,0,1,0
501182,109100,13,0,0,3,0
501183,39100,10,0,0,5,0
501184,31600,17,0,0,5,0
501185,22700,0,0,0,4,0
501186,19200,10,0,1,1,0
501187,38200,18,0,0,3,0
501188,45100,14,0,1,0,0
501189,8800,14,0,0,2,0
501190,56700,6,0,1,3,0
501191,31400,9,0,0,1,0
501192,11000,18,0,0,2,0
501193,66600,15,0,0,2,0
501194,225200,23,0,0,3,0
501195,52800,11,0,0,1,0
501196,413800,13,0,0,3,0
501197,208900,11,0,1,4,0
501198,161500,20,0,0,3,0
501199,26900,19,0,0,0,0
