cliente_id,edad,antiguedad_meses,ingreso_mensual_clp,num_productos_contratados,frecuencia_reclamos_12m,retrasos_pago_12m,uso_app_movil_mensual,region,churn
1001,23,36,1743000,2,3,2,8,Metropolitana,1
1002,26,49,1360000,5,3,2,5,Antofagasta,1
1003,30,114,1090000,3,4,2,7,Metropolitana,1
1004,73,80,1399000,3,1,0,14,Antofagasta,0
1005,26,91,934000,2,1,1,7,Metropolitana,0
1006,74,91,1654000,2,1,1,7,Metropolitana,0
1007,68,45,1316000,3,1,0,8,Antofagasta,0
1008,41,95,1010000,3,1,0,7,Antofagasta,0
1009,66,127,1041000,2,1,1,9,Antofagasta,0
1010,61,44,1314000,4,2,0,12,La Araucania,0
1011,59,105,1110000,3,0,0,8,La Araucania,0
1012,25,84,924000,3,0,0,11,Antofagasta,0
1013,32,120,784000,1,2,1,6,Valparaiso,0
1014,37,49,1725000,1,1,0,8,Metropolitana,1
1015,73,36,1469000,4,1,0,10,Valparaiso,0
1016,29,84,775000,3,2,0,6,Biobio,0
1017,63,21,1315000,2,1,1,8,Metropolitana,1
1018,71,179,1306000,2,2,2,10,Biobio,0
1019,64,73,999000,5,0,3,8,La Araucania,0
1020,63,103,672000,4,1,1,9,Valparaiso,0
1021,59,24,841000,2,0,0,9,Metropolitana,0
1022,72,32,1092000,2,0,3,9,Metropolitana,1
1023,23,152,1322000,5,2,3,6,Antofagasta,0
1024,48,5,556000,2,2,1,11,Metropolitana,0
1025,60,112,828000,3,1,0,3,Metropolitana,0
1026,40,179,1510000,3,0,2,13,La Araucania,0
1027,25,62,1162000,2,2,1,9,Metropolitana,1
1028,24,33,1073000,1,0,1,8,La Araucania,0
1029,44,81,1143000,3,5,2,3,Metropolitana,1
1030,36,7,353000,4,1,0,11,Metropolitana,0
1031,39,104,818000,2,1,3,11,Biobio,0
1032,32,33,862000,2,2,1,8,Metropolitana,1
1033,59,123,1580000,4,0,1,9,Valparaiso,0
1034,46,126,866000,1,2,1,9,Metropolitana,0
1035,38,179,647000,4,2,0,5,Metropolitana,0
1036,22,25,2400000,3,3,0,3,Valparaiso,0
1037,47,70,1059000,3,1,3,4,Antofagasta,1
1038,56,47,1689000,2,2,0,8,Biobio,1
1039,74,153,1195000,1,0,1,7,Metropolitana,0
1040,52,84,1445000,2,0,2,8,Biobio,0
1041,45,142,923000,1,1,0,8,Biobio,1
1042,44,98,1577000,2,1,0,6,Antofagasta,0
1043,33,102,1079000,3,1,0,9,Antofagasta,0
1044,66,155,900000,4,1,0,10,Valparaiso,0
1045,34,31,1039000,3,1,1,13,Metropolitana,1
1046,24,56,1033000,3,1,2,8,La Araucania,0
1047,38,169,1628000,3,0,0,17,Valparaiso,0
1048,29,20,1488000,5,0,0,9,La Araucania,0
1049,19,93,710000,2,2,1,9,Valparaiso,0
1050,49,141,827000,2,2,0,5,Metropolitana,0
1051,73,117,1032000,1,2,1,7,Metropolitana,0
1052,22,65,385000,4,0,1,9,Metropolitana,0
1053,22,158,1399000,2,4,0,11,Antofagasta,0
1054,31,46,836000,3,3,2,15,Biobio,0
1055,52,39,1182000,1,1,0,4,La Araucania,0
1056,62,98,1084000,3,2,1,9,Metropolitana,0
1057,19,66,535000,3,0,0,11,Metropolitana,1
1058,74,16,1697000,2,0,1,7,Valparaiso,1
1059,41,57,698000,3,1,0,7,La Araucania,0
1060,58,80,740000,3,2,2,7,La Araucania,1
1061,19,128,1318000,1,1,1,4,La Araucania,0
1062,55,103,1159000,1,0,0,5,Valparaiso,0
1063,73,112,782000,2,2,0,9,Metropolitana,1
1064,28,40,595000,3,0,0,8,Valparaiso,0
1065,71,131,1836000,1,1,1,10,Valparaiso,0
1066,52,62,1427000,4,2,1,7,Valparaiso,0
1067,59,179,970000,3,0,0,8,Valparaiso,1
1068,27,130,690000,2,2,2,8,Metropolitana,0
1069,74,105,1442000,3,2,1,10,La Araucania,1
1070,62,87,1622000,2,0,0,12,Antofagasta,0
1071,72,179,1323000,3,3,1,5,Metropolitana,1
1072,71,97,949000,2,1,2,10,Biobio,0
1073,70,123,1676000,4,0,0,12,Valparaiso,0
1074,62,50,736000,3,4,0,13,Biobio,1
1075,23,62,724000,5,1,2,4,Biobio,0
1076,55,113,2089000,1,0,1,14,Biobio,0
1077,34,69,800000,5,1,0,5,Metropolitana,0
1078,60,48,2400000,5,1,2,12,La Araucania,0
1079,57,134,1867000,1,0,1,10,Antofagasta,0
1080,48,50,2089000,1,2,1,8,Metropolitana,1
1081,49,155,658000,2,1,2,7,Metropolitana,0
1082,57,6,1359000,4,3,0,3,Antofagasta,0
1083,56,54,1000000,3,1,2,10,Antofagasta,0
1084,49,98,2103000,2,0,3,5,Antofagasta,1
1085,20,63,764000,3,2,1,9,Valparaiso,0
1086,30,15,1139000,3,1,0,13,Biobio,1
1087,64,70,1097000,3,2,1,10,Biobio,1
1088,51,48,1211000,2,1,0,9,Metropolitana,0
1089,70,24,1547000,2,5,2,9,Biobio,0
1090,51,107,1240000,5,1,1,10,Metropolitana,0
1091,38,140,670000,1,2,2,7,Valparaiso,1
1092,60,130,1280000,4,0,2,5,Metropolitana,0
1093,74,78,849000,5,3,0,5,Metropolitana,0
1094,31,74,861000,3,3,0,3,Antofagasta,0
1095,55,136,1012000,2,1,2,6,Antofagasta,1
1096,54,37,503000,5,0,0,9,Metropolitana,0
1097,52,124,1108000,5,3,0,9,Biobio,0
1098,74,55,726000,4,1,2,3,La Araucania,1
1099,45,22,1024000,2,1,1,6,Metropolitana,1
1100,35,29,1523000,2,1,1,8,Biobio,0
1101,37,42,1344000,4,2,1,8,Antofagasta,0
1102,55,46,1519000,2,0,2,7,Biobio,0
1103,35,71,1476000,4,3,0,6,Metropolitana,1
1104,24,44,660000,2,1,0,10,Metropolitana,1
1105,41,40,1451000,3,1,2,7,Antofagasta,0
1106,20,52,844000,2,1,0,9,Biobio,0
1107,51,29,1463000,4,2,0,6,Metropolitana,0
1108,43,12,1119000,5,3,0,7,Valparaiso,0
1109,22,145,972000,3,2,0,11,Metropolitana,0
1110,32,16,1328000,1,2,2,8,Valparaiso,1
1111,42,57,1322000,2,1,1,8,Biobio,1
1112,64,171,1245000,5,1,2,8,Metropolitana,1
1113,56,18,865000,3,1,2,8,Biobio,0
1114,42,72,1068000,3,0,0,6,Antofagasta,0
1115,65,71,702000,2,0,3,7,Valparaiso,0
1116,23,100,670000,4,2,2,8,Biobio,0
1117,66,62,673000,3,0,1,4,Metropolitana,0
1118,38,60,784000,2,1,1,10,Metropolitana,0
1119,73,32,795000,4,6,0,4,Antofagasta,1
1120,21,52,1089000,2,1,0,7,La Araucania,1
1121,24,48,993000,5,2,1,7,Metropolitana,0
1122,27,11,2400000,1,0,0,11,Metropolitana,0
1123,52,179,2400000,2,4,1,6,Biobio,0
1124,48,87,727000,2,1,0,7,Valparaiso,0
1125,59,179,1476000,4,1,3,9,Biobio,0
1126,74,99,887000,1,4,0,6,Metropolitana,0
1127,67,38,2367000,3,2,0,8,La Araucania,0
1128,36,82,771000,2,0,1,3,Biobio,1
1129,69,101,862000,4,2,0,8,Biobio,0
1130,25,24,1058000,2,2,1,8,Metropolitana,0
1131,41,49,609000,3,4,1,8,La Araucania,1
1132,53,31,1618000,2,1,3,5,Antofagasta,0
1133,46,144,1709000,2,4,0,10,Metropolitana,0
1134,40,179,726000,3,1,0,8,Metropolitana,0
1135,52,55,934000,1,0,1,7,La Araucania,0
1136,50,80,1170000,2,0,3,10,Metropolitana,1
1137,44,58,1119000,1,2,0,16,Antofagasta,0
1138,74,114,1780000,5,2,1,11,Metropolitana,0
1139,62,114,1394000,4,2,2,7,Metropolitana,0
1140,26,106,1072000,3,1,2,4,Metropolitana,0
1141,36,36,982000,2,0,0,3,Metropolitana,0
1142,51,30,1963000,2,1,2,8,Valparaiso,0
1143,61,89,1157000,3,0,2,6,Metropolitana,1
1144,22,57,691000,4,1,2,7,Antofagasta,0
1145,35,79,774000,5,3,1,10,La Araucania,0
1146,33,52,1169000,3,5,2,6,Antofagasta,1
1147,36,140,1290000,1,0,3,11,Metropolitana,0
1148,63,34,2026000,3,2,0,5,Antofagasta,0
1149,51,99,890000,3,0,0,6,Biobio,0
1150,27,42,690000,5,1,0,10,Metropolitana,0
1151,64,79,1169000,4,2,0,10,Biobio,0
1152,36,109,656000,3,2,1,9,Antofagasta,1
1153,74,132,848000,4,2,0,5,Metropolitana,0
1154,46,88,1678000,4,1,2,11,Metropolitana,1
1155,67,52,1278000,2,1,1,8,Metropolitana,0
1156,21,32,856000,1,2,2,8,Metropolitana,1
1157,34,59,1333000,1,1,3,3,Valparaiso,0
1158,73,49,1092000,5,2,0,7,Valparaiso,0
1159,68,23,771000,4,3,2,7,Valparaiso,0
1160,65,78,910000,2,1,5,11,Metropolitana,1
1161,44,37,666000,1,1,0,9,Metropolitana,1
1162,24,84,1745000,3,1,2,6,Biobio,0
1163,53,126,1060000,2,2,1,11,Metropolitana,0
1164,65,67,2400000,3,1,2,8,Biobio,0
1165,32,53,999000,1,1,1,9,Metropolitana,0
1166,28,37,1278000,2,2,2,4,La Araucania,1
1167,52,9,850000,3,1,2,7,Valparaiso,1
1168,50,30,736000,2,2,2,10,Metropolitana,0
1169,64,24,1805000,3,3,1,4,Valparaiso,0
1170,55,88,1954000,2,2,0,1,Metropolitana,0
1171,31,54,1131000,2,0,2,12,Antofagasta,1
1172,22,115,1625000,2,5,0,10,Antofagasta,0
1173,71,41,658000,4,2,1,6,Biobio,0
1174,37,125,578000,5,0,0,7,La Araucania,0
1175,52,94,941000,3,1,1,6,Valparaiso,1
1176,29,62,982000,2,2,2,15,Metropolitana,0
1177,63,18,1401000,5,0,2,7,Metropolitana,0
1178,20,111,1318000,1,2,2,8,La Araucania,1
1179,74,86,1526000,4,0,1,8,Valparaiso,0
1180,60,109,958000,4,2,1,8,Antofagasta,1
1181,42,53,427000,1,1,1,6,La Araucania,1
1182,22,87,1535000,1,3,0,4,Metropolitana,0
1183,32,29,450000,4,1,1,5,Biobio,1
1184,27,39,772000,2,1,4,8,Antofagasta,1
1185,38,179,619000,2,3,1,7,La Araucania,1
1186,22,31,794000,4,2,2,5,Valparaiso,0
1187,63,5,1055000,2,0,3,8,Valparaiso,1
1188,64,23,1297000,4,1,2,7,Valparaiso,1
1189,47,179,1141000,4,4,0,9,Valparaiso,0
1190,61,101,986000,3,0,1,8,Antofagasta,0
1191,68,148,2141000,3,3,0,10,La Araucania,0
1192,41,53,2400000,5,3,0,8,Valparaiso,0
1193,32,159,1136000,5,2,1,9,Metropolitana,0
1194,26,28,783000,2,0,0,11,La Araucania,0
1195,21,49,722000,4,1,1,4,Metropolitana,0
1196,61,35,901000,5,1,1,14,Valparaiso,0
1197,21,68,791000,3,0,0,11,Biobio,0
1198,61,135,955000,1,0,3,11,Valparaiso,0
1199,39,53,1250000,3,2,0,5,Antofagasta,0
1200,52,50,1004000,2,1,0,9,Metropolitana,0
1201,46,157,1362000,2,0,0,7,Biobio,0
1202,46,110,1200000,3,0,1,9,Valparaiso,0
1203,20,45,1396000,2,2,2,4,Biobio,0
1204,71,157,846000,2,3,1,4,Valparaiso,0
1205,74,29,491000,5,0,0,12,Antofagasta,0
1206,40,137,1141000,2,1,0,10,Metropolitana,0
1207,51,59,1004000,3,1,1,4,Biobio,0
1208,62,154,1894000,4,2,0,6,Valparaiso,0
1209,34,41,690000,2,2,0,3,Metropolitana,1
1210,46,179,1421000,5,5,1,11,Antofagasta,1
1211,43,86,855000,4,2,1,8,La Araucania,0
1212,21,70,814000,2,2,0,7,La Araucania,0
1213,47,104,1006000,1,0,0,6,Valparaiso,0
1214,34,179,922000,4,0,0,7,Antofagasta,0
1215,63,114,1453000,4,3,0,6,Metropolitana,1
1216,68,60,1104000,3,2,1,6,La Araucania,0
1217,68,62,1301000,5,1,2,8,La Araucania,0
1218,36,49,608000,2,1,0,5,La Araucania,0
1219,28,91,839000,5,0,1,3,Valparaiso,0
1220,33,144,1025000,3,1,2,7,Metropolitana,1
1221,72,30,841000,2,1,0,14,La Araucania,0
1222,70,117,1288000,4,0,1,7,Biobio,0
1223,62,21,918000,2,0,2,5,Metropolitana,0
1224,37,83,1205000,5,3,2,12,Valparaiso,0
1225,72,115,1644000,5,0,2,7,Valparaiso,0
1226,43,44,947000,3,1,2,7,Antofagasta,0
1227,46,29,622000,2,2,0,10,Metropolitana,0
1228,43,179,1075000,5,4,2,6,Metropolitana,0
1229,63,41,1121000,3,1,1,6,Metropolitana,0
1230,60,69,1624000,3,1,1,7,La Araucania,0
1231,29,170,2400000,1,0,3,7,Metropolitana,0
1232,59,73,1139000,1,1,1,8,Metropolitana,1
1233,31,34,1856000,4,3,1,6,Valparaiso,0
1234,28,68,484000,2,1,0,3,La Araucania,1
1235,33,2,707000,2,7,0,8,Metropolitana,1
1236,24,46,985000,3,5,1,14,Antofagasta,0
1237,21,112,1057000,1,1,1,11,Valparaiso,0
1238,39,76,624000,3,2,0,15,Valparaiso,0
1239,71,69,1325000,3,1,0,11,La Araucania,0
1240,37,26,744000,3,1,0,7,Valparaiso,0
1241,26,179,851000,3,1,0,15,La Araucania,0
1242,49,150,879000,5,2,2,9,Metropolitana,0
1243,38,64,783000,3,1,1,9,Valparaiso,0
1244,26,12,1428000,2,1,1,13,Metropolitana,1
1245,27,34,604000,4,2,1,7,Metropolitana,0
1246,67,84,1730000,2,1,2,12,Metropolitana,0
1247,24,134,1001000,4,1,2,14,Valparaiso,0
1248,49,104,1181000,5,1,1,6,La Araucania,1
1249,33,85,1580000,4,1,1,6,Metropolitana,0
1250,58,179,1223000,3,1,1,7,Antofagasta,0
1251,65,144,774000,3,0,0,7,Valparaiso,0
1252,67,71,933000,3,1,0,6,Antofagasta,0
1253,41,82,937000,1,3,0,8,Biobio,1
1254,37,82,1332000,4,3,3,10,Biobio,0
1255,49,83,1070000,2,2,3,7,La Araucania,0
1256,22,146,640000,3,1,1,9,La Araucania,0
1257,70,109,890000,4,1,1,14,Metropolitana,0
1258,25,80,690000,1,2,1,11,Antofagasta,0
1259,50,98,1161000,4,3,1,9,Biobio,0
1260,22,14,848000,4,3,1,8,Metropolitana,1
1261,44,134,1686000,2,0,0,8,Metropolitana,0
1262,29,27,948000,2,1,0,13,Valparaiso,0
1263,34,179,1759000,1,4,3,8,La Araucania,1
1264,73,107,1173000,1,1,1,15,La Araucania,0
1265,61,167,1445000,2,2,0,10,La Araucania,0
1266,59,161,1707000,1,3,2,7,Valparaiso,0
1267,37,92,1106000,1,0,1,8,Biobio,0
1268,57,142,940000,4,1,0,7,Biobio,0
1269,37,46,770000,4,0,1,11,Biobio,0
1270,67,85,970000,4,0,5,10,Metropolitana,1
1271,66,21,1774000,2,3,0,11,Metropolitana,1
1272,55,66,611000,1,1,0,6,La Araucania,0
1273,69,142,936000,2,0,0,4,Biobio,0
1274,51,126,952000,4,0,2,10,Biobio,0
1275,46,69,849000,2,3,0,12,Antofagasta,0
1276,42,32,623000,3,1,1,3,Metropolitana,1
1277,73,179,1441000,4,2,1,6,Valparaiso,0
1278,28,105,831000,3,0,5,8,Biobio,0
1279,58,103,1624000,3,0,0,9,Metropolitana,0
1280,45,29,1432000,3,4,1,7,Biobio,0
1281,57,153,1300000,2,0,2,12,Metropolitana,0
1282,33,65,1085000,2,0,1,9,Valparaiso,1
1283,24,62,490000,2,3,0,7,La Araucania,0
1284,42,39,720000,3,0,1,11,Metropolitana,0
1285,20,152,725000,2,1,1,6,Valparaiso,0
1286,48,69,1331000,2,0,3,8,La Araucania,0
1287,50,72,936000,1,2,2,14,Metropolitana,1
1288,22,43,691000,2,0,0,6,La Araucania,1
1289,29,179,828000,2,0,0,7,Biobio,0
1290,42,63,943000,3,3,1,6,Metropolitana,0
1291,54,163,1251000,3,2,1,6,Metropolitana,1
1292,26,70,1775000,5,0,1,9,Valparaiso,0
1293,73,68,1193000,4,1,0,7,Biobio,0
1294,36,46,500000,1,0,2,8,Metropolitana,1
1295,59,94,2200000,2,0,0,5,Metropolitana,0
1296,41,75,868000,3,0,1,7,Valparaiso,0
1297,49,179,1025000,3,0,1,8,La Araucania,0
1298,33,41,931000,2,0,0,6,La Araucania,0
1299,61,72,1428000,2,2,2,7,La Araucania,1
1300,64,106,1394000,3,1,0,9,Biobio,0
1301,47,12,860000,3,2,1,6,Valparaiso,0
1302,43,14,1249000,4,2,0,5,Biobio,0
1303,32,21,970000,4,0,1,4,Valparaiso,0
1304,22,41,824000,2,1,2,9,Metropolitana,0
1305,24,25,801000,3,0,2,8,Metropolitana,1
1306,41,179,846000,2,2,3,8,La Araucania,1
1307,28,47,2000000,3,1,0,5,Metropolitana,0
1308,56,179,645000,5,1,0,12,Antofagasta,0
1309,30,62,1497000,2,1,0,7,Metropolitana,0
1310,39,130,670000,1,0,1,6,La Araucania,0
1311,55,130,1141000,5,3,1,9,Antofagasta,0
1312,74,107,2180000,4,3,0,12,La Araucania,0
1313,36,31,692000,2,0,0,10,Valparaiso,0
1314,58,26,795000,3,1,0,14,Valparaiso,0
1315,23,22,789000,4,4,0,13,Antofagasta,1
1316,66,142,821000,3,1,1,9,Metropolitana,0
1317,51,97,1316000,5,0,0,8,Antofagasta,0
1318,19,113,997000,3,0,0,9,Metropolitana,0
1319,38,49,948000,1,0,1,7,Antofagasta,1
1320,58,37,1214000,2,0,0,8,Valparaiso,0
1321,61,27,2400000,3,2,1,8,Biobio,0
1322,66,24,1181000,1,0,0,6,Metropolitana,0
1323,69,47,1740000,2,2,2,7,La Araucania,0
1324,25,104,1035000,4,1,0,6,Valparaiso,0
1325,59,41,720000,2,2,1,12,La Araucania,0
1326,62,90,937000,1,2,4,4,Biobio,1
1327,62,179,826000,3,1,1,11,La Araucania,0
1328,27,71,721000,1,2,1,7,La Araucania,1
1329,32,35,1059000,1,2,1,5,La Araucania,1
1330,51,139,1202000,3,1,1,13,Metropolitana,1
1331,27,74,856000,2,4,4,7,Metropolitana,0
1332,45,103,1049000,3,1,1,12,Metropolitana,0
1333,55,179,1266000,2,3,2,9,Metropolitana,0
1334,21,99,1050000,3,6,0,3,Metropolitana,1
1335,43,110,1071000,3,1,2,7,Valparaiso,0
1336,58,46,1091000,2,1,0,6,Metropolitana,0
1337,54,127,875000,4,2,0,6,Metropolitana,0
1338,22,120,678000,4,0,4,7,Antofagasta,0
1339,31,157,704000,5,0,1,6,Biobio,0
1340,33,124,1755000,3,2,1,11,Metropolitana,0
1341,48,163,549000,4,1,0,10,La Araucania,0
1342,58,48,559000,5,0,2,4,La Araucania,0
1343,64,179,661000,3,2,1,8,Metropolitana,1
1344,41,179,1599000,2,0,1,11,Metropolitana,0
1345,19,66,633000,5,2,1,13,Antofagasta,0
1346,22,36,661000,1,3,2,7,Metropolitana,0
1347,30,34,832000,4,4,1,11,Antofagasta,0
1348,62,131,1193000,4,1,1,9,Biobio,0
1349,45,113,902000,5,3,1,2,Metropolitana,0
1350,38,122,570000,1,2,1,10,Metropolitana,0
1351,35,135,989000,3,0,0,7,Valparaiso,1
1352,57,70,960000,3,0,1,6,Antofagasta,0
1353,27,66,1136000,5,1,1,8,Biobio,1
1354,72,33,1827000,3,1,0,6,Valparaiso,0
1355,20,141,1093000,1,1,0,6,Antofagasta,0
1356,56,15,1586000,1,0,1,10,Metropolitana,1
1357,55,31,1485000,2,2,2,6,Antofagasta,0
1358,34,150,593000,3,1,1,11,Valparaiso,0
1359,35,82,1495000,4,1,0,7,Metropolitana,0
1360,33,158,1319000,4,0,3,11,Antofagasta,0
1361,31,72,877000,4,1,1,10,Valparaiso,0
1362,21,100,568000,3,1,1,9,Antofagasta,1
1363,45,65,819000,3,1,2,3,Antofagasta,1
1364,29,73,1450000,4,2,1,9,Valparaiso,0
1365,71,41,1454000,2,1,1,9,Biobio,0
1366,53,68,1427000,2,0,2,7,Metropolitana,1
1367,33,32,921000,2,1,2,9,Biobio,1
1368,55,13,1182000,3,2,0,8,La Araucania,0
1369,30,79,775000,4,4,1,7,Metropolitana,1
1370,35,42,1150000,3,2,3,9,Biobio,1
1371,36,90,898000,2,0,0,7,La Araucania,0
1372,64,47,632000,3,2,4,6,Metropolitana,1
1373,43,25,735000,5,2,0,4,Antofagasta,0
1374,42,91,1332000,2,3,4,6,Valparaiso,1
1375,67,92,1387000,1,0,3,9,Antofagasta,0
1376,70,179,1492000,3,3,2,9,La Araucania,1
1377,44,150,1443000,3,2,1,4,Biobio,0
1378,38,15,967000,3,1,2,6,Metropolitana,1
1379,40,74,965000,2,2,1,9,Metropolitana,0
1380,56,70,804000,2,1,1,12,Metropolitana,1
1381,52,36,767000,3,1,0,10,Biobio,0
1382,30,179,577000,5,1,0,7,La Araucania,0
1383,71,125,681000,1,2,0,6,Metropolitana,0
1384,34,42,922000,1,2,0,9,Metropolitana,1
1385,26,73,1038000,3,0,0,9,Metropolitana,0
1386,48,89,1017000,3,0,3,5,Antofagasta,0
1387,64,51,1253000,4,0,1,7,Valparaiso,0
1388,73,62,1309000,4,0,2,14,Metropolitana,1
1389,28,53,900000,2,0,0,7,Metropolitana,0
1390,40,74,1319000,2,1,2,5,La Araucania,1
1391,24,31,1314000,3,0,1,9,Metropolitana,0
1392,42,62,350000,3,1,0,7,Metropolitana,0
1393,29,31,742000,2,2,1,6,Biobio,0
1394,40,50,917000,4,1,0,13,Biobio,0
1395,50,83,2074000,3,0,1,7,Biobio,0
1396,68,125,2184000,3,3,1,6,Biobio,1
1397,65,108,627000,3,1,1,7,Antofagasta,1
1398,50,131,1476000,3,1,0,8,Antofagasta,0
1399,55,33,437000,5,6,2,8,Metropolitana,1
1400,58,25,1167000,5,2,2,9,Valparaiso,0
1401,52,19,723000,3,1,1,10,Metropolitana,0
1402,67,53,1180000,2,2,0,8,Biobio,0
1403,46,62,1301000,2,0,0,6,Metropolitana,0
1404,21,28,1243000,3,1,0,8,Metropolitana,0
1405,50,44,1812000,2,3,2,6,Biobio,0
1406,65,37,878000,3,1,0,7,Metropolitana,0
1407,60,149,958000,1,1,2,11,Metropolitana,0
1408,55,141,794000,3,1,0,1,Biobio,0
1409,41,25,1923000,2,0,1,8,Antofagasta,0
1410,37,53,586000,2,1,0,7,Metropolitana,0
1411,41,64,906000,3,0,1,8,Metropolitana,0
1412,28,36,1270000,3,1,1,15,Valparaiso,0
1413,35,127,793000,3,0,0,10,Metropolitana,0
1414,43,157,1167000,3,0,0,8,Metropolitana,0
1415,59,30,1245000,2,1,2,5,La Araucania,1
1416,33,179,1808000,5,1,2,6,La Araucania,0
1417,24,32,530000,2,0,1,15,Antofagasta,0
1418,20,76,1228000,5,0,1,11,Biobio,0
1419,22,43,1422000,3,1,0,5,Metropolitana,0
1420,23,65,2082000,2,4,0,5,Antofagasta,0
1421,28,69,780000,3,0,0,11,Metropolitana,0
1422,62,36,1139000,3,0,0,10,Metropolitana,0
1423,35,88,539000,3,0,0,11,Biobio,0
1424,27,114,870000,4,1,1,7,Biobio,0
1425,37,52,1198000,3,1,1,10,Antofagasta,0
1426,48,76,799000,3,1,1,8,Metropolitana,0
1427,36,148,1317000,2,1,2,4,Metropolitana,1
1428,61,31,1510000,3,1,1,10,Valparaiso,0
1429,67,179,994000,1,3,0,9,Valparaiso,0
1430,46,47,859000,4,0,3,9,La Araucania,0
1431,22,80,725000,5,3,2,6,Metropolitana,1
1432,48,112,1521000,3,2,1,9,Valparaiso,0
1433,58,179,1098000,5,0,1,11,Valparaiso,0
1434,46,84,1535000,1,1,0,10,Valparaiso,0
1435,54,107,1329000,5,1,2,8,Metropolitana,0
1436,73,94,984000,4,1,1,3,Biobio,1
1437,55,45,2400000,4,3,3,9,Metropolitana,1
1438,59,25,1445000,3,1,1,8,La Araucania,0
1439,31,108,948000,4,1,2,9,Metropolitana,0
1440,51,167,1016000,2,3,2,5,Metropolitana,0
1441,59,75,1001000,5,0,0,9,Metropolitana,0
1442,51,147,1257000,1,1,2,12,Metropolitana,0
1443,22,112,682000,5,2,0,8,Metropolitana,0
1444,20,179,1133000,5,0,1,5,Metropolitana,0
1445,24,99,407000,3,1,0,12,Metropolitana,1
1446,73,63,731000,3,1,2,10,Valparaiso,0
1447,24,78,795000,3,1,0,9,Metropolitana,0
1448,60,46,2400000,3,2,0,5,Biobio,0
1449,41,58,1033000,2,3,0,10,Valparaiso,0
1450,45,10,605000,3,3,0,12,Metropolitana,0
1451,31,110,1306000,3,1,2,9,Biobio,0
1452,55,16,736000,2,0,1,4,Metropolitana,0
1453,67,38,1374000,1,1,1,10,Metropolitana,0
1454,65,78,1704000,3,2,0,13,Biobio,0
1455,26,27,633000,3,0,1,6,Metropolitana,0
1456,44,73,821000,4,0,2,9,La Araucania,0
1457,61,100,1445000,5,4,0,7,Metropolitana,0
1458,36,55,1779000,2,0,1,8,Metropolitana,1
1459,27,137,818000,5,1,1,10,Metropolitana,0
1460,36,145,1823000,5,1,0,6,La Araucania,0
1461,35,15,820000,3,1,1,8,Metropolitana,1
1462,26,58,1091000,2,1,2,6,Valparaiso,1
1463,27,32,841000,3,1,1,7,La Araucania,1
1464,67,19,1203000,3,1,1,3,Metropolitana,0
1465,46,88,991000,5,0,0,6,Metropolitana,0
1466,61,52,671000,3,0,1,10,Metropolitana,0
1467,74,101,2038000,3,1,1,10,Metropolitana,0
1468,60,76,2181000,4,2,1,6,Metropolitana,0
1469,52,60,895000,2,2,1,5,Biobio,1
1470,39,39,2315000,3,5,1,7,Metropolitana,0
1471,65,48,1466000,3,0,3,2,Metropolitana,0
1472,34,93,1993000,1,2,2,5,Metropolitana,0
1473,25,104,651000,5,4,0,9,Antofagasta,0
1474,64,99,476000,3,1,0,5,Biobio,0
1475,49,96,796000,3,0,0,6,Metropolitana,0
1476,26,45,464000,4,0,0,5,Metropolitana,0
1477,70,53,853000,5,1,2,9,Antofagasta,0
1478,22,95,1235000,2,2,1,9,La Araucania,1
1479,48,54,1391000,1,0,0,9,Valparaiso,1
1480,63,34,966000,4,1,0,9,Antofagasta,0
1481,30,71,833000,3,1,2,9,Biobio,0
1482,50,109,696000,1,5,0,7,Metropolitana,1
1483,57,93,2400000,5,1,3,9,Antofagasta,0
1484,44,57,1447000,4,2,1,9,Metropolitana,0
1485,42,40,553000,3,1,0,6,Biobio,1
1486,45,50,1165000,1,3,1,7,Valparaiso,1
1487,60,141,1486000,2,2,1,9,Biobio,0
1488,60,17,1977000,4,0,0,10,La Araucania,0
1489,48,45,603000,3,0,1,12,Metropolitana,1
1490,63,120,984000,5,1,0,7,La Araucania,1
1491,42,30,1016000,4,1,0,11,Biobio,1
1492,71,149,1104000,2,1,0,6,Biobio,0
1493,40,113,867000,4,1,2,5,Antofagasta,0
1494,24,121,802000,4,2,1,11,La Araucania,0
1495,69,157,1414000,2,3,2,3,Biobio,1
1496,62,140,1079000,3,0,0,8,La Araucania,0
1497,55,103,1089000,4,1,0,11,Metropolitana,0
1498,71,58,1728000,5,1,1,6,La Araucania,0
1499,49,11,1258000,3,2,0,10,Antofagasta,0
1500,51,6,877000,1,2,1,11,Metropolitana,1
1501,50,179,659000,3,1,1,9,La Araucania,1
1502,47,9,968000,5,2,1,7,Antofagasta,0
1503,47,135,835000,5,2,1,16,Valparaiso,0
1504,67,27,1170000,4,1,0,10,Metropolitana,0
1505,38,69,1305000,3,1,2,5,Metropolitana,1
1506,21,158,863000,3,1,0,10,Metropolitana,0
1507,34,51,1367000,2,0,1,10,Antofagasta,0
1508,19,63,2257000,1,3,1,9,Metropolitana,0
1509,60,71,760000,2,1,2,11,Biobio,0
1510,25,179,402000,1,1,1,9,Metropolitana,0
1511,73,99,1381000,4,1,1,7,Antofagasta,1
1512,34,108,1121000,3,1,4,12,Metropolitana,0
1513,68,179,568000,2,3,0,12,Metropolitana,0
1514,34,32,540000,2,3,0,15,Metropolitana,0
1515,40,33,457000,5,1,0,8,Valparaiso,0
1516,36,61,2400000,5,0,2,11,Biobio,0
1517,66,67,1190000,4,2,0,11,Metropolitana,0
1518,30,53,943000,1,3,3,9,Antofagasta,1
1519,38,143,967000,3,2,1,9,Biobio,0
1520,26,46,1125000,5,0,2,7,Valparaiso,0
1521,61,39,1525000,3,0,0,3,Valparaiso,0
1522,63,103,1836000,2,1,2,8,Biobio,0
1523,53,179,1238000,2,4,2,5,Metropolitana,0
1524,38,98,1074000,4,0,1,7,Metropolitana,0
1525,64,58,938000,4,2,1,11,Metropolitana,0
1526,41,87,638000,2,0,1,7,Valparaiso,1
1527,34,18,854000,3,2,0,9,Antofagasta,1
1528,29,82,780000,2,0,2,5,Antofagasta,0
1529,22,109,1082000,5,3,4,13,La Araucania,1
1530,50,123,684000,5,1,0,3,Valparaiso,0
1531,42,30,995000,1,1,0,4,Antofagasta,0
1532,71,93,2147000,2,2,2,6,Valparaiso,1
1533,39,173,639000,2,0,1,8,Metropolitana,0
1534,70,8,955000,2,1,0,7,Antofagasta,0
1535,34,55,736000,4,0,1,7,La Araucania,0
1536,30,100,814000,5,1,1,9,Valparaiso,0
1537,68,68,1380000,3,2,2,7,Antofagasta,0
1538,30,91,818000,3,4,1,8,Biobio,0
1539,61,34,1364000,4,1,1,4,Biobio,0
1540,72,12,1467000,1,1,2,4,Biobio,0
1541,48,64,725000,2,1,1,5,La Araucania,1
1542,43,36,529000,5,0,0,9,Biobio,0
1543,51,53,1053000,3,3,0,10,La Araucania,0
1544,70,179,2400000,3,1,1,7,Metropolitana,0
1545,19,179,1401000,2,0,2,5,Biobio,0
1546,44,93,385000,5,0,0,8,La Araucania,0
1547,62,53,1187000,5,4,2,11,La Araucania,0
1548,54,67,1363000,4,1,0,8,Biobio,0
1549,28,98,1023000,1,0,1,5,Metropolitana,0
1550,44,179,874000,3,1,3,1,Valparaiso,0
1551,61,40,1711000,4,2,1,9,Valparaiso,0
1552,59,170,1191000,4,2,0,4,Metropolitana,0
1553,72,96,906000,2,2,0,8,Biobio,0
1554,41,9,650000,2,2,2,5,Biobio,0
1555,71,78,1473000,4,0,2,11,Metropolitana,0
1556,54,50,1332000,1,1,0,9,Metropolitana,0
1557,73,115,1355000,3,2,0,6,Antofagasta,0
1558,60,98,1022000,3,1,3,7,Biobio,0
1559,22,36,519000,1,1,2,9,Valparaiso,1
1560,28,73,752000,5,1,2,5,La Araucania,0
1561,32,26,791000,3,2,0,6,Metropolitana,0
1562,38,179,732000,2,2,2,5,Valparaiso,1
1563,40,66,1246000,2,1,2,7,Valparaiso,1
1564,62,83,1110000,3,1,1,3,Biobio,1
1565,58,179,1376000,3,0,0,8,Valparaiso,0
1566,58,42,637000,2,0,1,8,Biobio,0
1567,55,69,1440000,2,0,2,8,Biobio,1
1568,61,95,1404000,2,2,3,6,Valparaiso,1
1569,49,131,573000,3,0,1,12,Valparaiso,0
1570,21,143,1180000,3,0,0,13,Metropolitana,0
1571,32,23,856000,2,3,1,11,Metropolitana,1
1572,60,137,1847000,1,2,1,5,Biobio,1
1573,71,81,805000,4,2,1,5,Metropolitana,0
1574,74,31,2400000,5,3,1,13,Biobio,0
1575,35,89,1310000,3,1,3,11,Antofagasta,1
1576,31,82,818000,5,2,1,6,Metropolitana,1
1577,25,91,781000,1,1,2,8,La Araucania,1
1578,33,65,890000,1,0,1,10,Metropolitana,0
1579,63,14,689000,1,0,2,7,Biobio,1
1580,32,92,678000,2,2,1,4,Metropolitana,0
1581,19,129,1557000,3,0,1,14,Metropolitana,0
1582,71,114,1444000,3,3,2,8,La Araucania,1
1583,32,79,919000,2,0,1,7,Valparaiso,0
1584,46,25,791000,1,1,2,3,Valparaiso,0
1585,62,115,972000,2,1,0,6,Antofagasta,1
1586,27,126,714000,5,0,0,9,La Araucania,1
1587,22,89,932000,3,1,0,11,Valparaiso,0
1588,54,110,584000,3,1,2,7,Biobio,1
1589,39,124,1098000,4,3,2,7,Valparaiso,0
1590,20,179,1163000,3,2,0,8,Metropolitana,0
1591,46,105,1297000,4,0,3,9,Valparaiso,0
1592,47,95,623000,4,2,0,5,Metropolitana,0
1593,54,91,802000,3,2,0,13,Antofagasta,0
1594,28,91,1628000,1,0,1,12,Metropolitana,0
1595,27,66,978000,2,0,1,4,Biobio,0
1596,39,15,1843000,4,2,0,9,Antofagasta,0
1597,70,77,683000,2,5,0,7,Metropolitana,1
1598,70,55,1631000,5,0,1,10,Biobio,0
1599,58,135,1240000,1,2,2,11,Biobio,0
1600,58,24,1378000,5,1,3,5,Valparaiso,0
1601,23,58,735000,5,2,1,10,Valparaiso,0
1602,24,57,1103000,2,1,2,10,Metropolitana,0
1603,52,59,882000,1,1,2,5,Metropolitana,0
1604,31,157,1567000,4,0,2,10,Valparaiso,0
1605,65,44,821000,2,2,0,7,Metropolitana,0
1606,68,145,873000,4,3,0,6,Antofagasta,0
1607,28,179,547000,5,1,0,7,Metropolitana,0
1608,44,34,810000,2,3,0,9,Antofagasta,0
1609,28,122,1363000,3,1,2,2,Metropolitana,0
1610,22,102,870000,4,1,1,5,Metropolitana,1
1611,21,131,1131000,5,2,0,11,Metropolitana,0
1612,27,45,1494000,3,1,0,5,Valparaiso,0
1613,32,105,1011000,2,0,1,8,La Araucania,0
1614,22,39,1196000,4,3,1,7,Biobio,1
1615,44,74,1958000,1,1,0,6,Metropolitana,0
1616,48,179,1048000,3,3,0,5,Biobio,0
1617,47,171,666000,3,0,1,2,La Araucania,0
1618,74,122,1031000,2,0,0,6,La Araucania,1
1619,70,16,1640000,1,0,0,11,Metropolitana,0
1620,25,179,1669000,4,0,1,5,Metropolitana,0
1621,20,179,655000,4,1,4,8,Antofagasta,0
1622,47,59,1341000,1,1,0,5,Biobio,1
1623,22,103,1138000,2,0,0,4,Metropolitana,0
1624,66,176,842000,5,1,0,10,Metropolitana,0
1625,48,113,621000,2,2,2,8,Valparaiso,0
1626,32,137,835000,2,1,0,15,La Araucania,0
1627,56,82,1596000,5,0,1,12,Metropolitana,0
1628,23,56,1619000,2,0,0,4,Antofagasta,0
1629,54,83,617000,2,0,0,7,Valparaiso,0
1630,70,75,2400000,4,2,3,10,Biobio,0
1631,31,41,1212000,1,5,0,13,Metropolitana,1
1632,60,108,1027000,4,1,1,10,Metropolitana,0
1633,70,55,807000,4,1,0,8,La Araucania,0
1634,34,179,631000,1,2,0,6,Metropolitana,0
1635,66,132,951000,2,1,1,6,Metropolitana,0
1636,54,179,1180000,3,0,1,6,Metropolitana,0
1637,26,129,887000,2,0,2,3,Metropolitana,0
1638,36,15,696000,5,1,1,8,La Araucania,0
1639,26,44,908000,3,1,3,15,Metropolitana,0
1640,72,69,897000,1,3,1,14,Metropolitana,0
1641,73,98,886000,2,1,1,5,Antofagasta,1
1642,64,157,1313000,1,0,0,10,Metropolitana,0
1643,70,76,2400000,2,0,0,6,Metropolitana,0
1644,58,56,1277000,3,4,0,4,La Araucania,1
1645,60,82,772000,3,0,0,12,Valparaiso,0
1646,67,53,1321000,2,4,0,9,Antofagasta,0
1647,21,52,744000,4,3,1,8,Metropolitana,0
1648,63,86,687000,2,0,1,5,La Araucania,1
1649,33,99,736000,1,1,2,10,Metropolitana,1
1650,50,40,1039000,4,1,0,4,Antofagasta,0
1651,51,81,926000,3,2,0,6,Metropolitana,0
1652,23,44,903000,2,0,1,19,La Araucania,0
1653,61,91,731000,4,2,0,8,Valparaiso,1
1654,21,78,613000,1,2,0,8,La Araucania,1
1655,61,57,1129000,4,4,0,5,Metropolitana,0
1656,38,76,986000,4,0,3,6,Metropolitana,0
1657,22,29,1039000,2,1,0,6,Antofagasta,1
1658,49,37,1454000,3,2,1,14,Antofagasta,0
1659,43,43,764000,4,0,0,13,La Araucania,0
1660,36,138,938000,2,0,0,8,Metropolitana,0
1661,36,55,720000,3,2,0,14,Biobio,0
1662,61,102,822000,3,2,3,3,Antofagasta,1
1663,67,75,912000,2,1,1,6,Metropolitana,1
1664,73,84,1223000,3,3,0,8,Biobio,0
1665,40,36,1364000,1,2,0,10,Valparaiso,0
1666,30,36,1903000,5,0,0,5,Metropolitana,0
1667,19,30,813000,1,1,0,7,Metropolitana,1
1668,19,166,1668000,5,2,0,8,Metropolitana,0
1669,43,85,647000,5,1,0,9,Biobio,0
1670,46,96,1159000,1,2,1,10,Metropolitana,0
1671,21,87,1161000,5,3,3,4,Antofagasta,1
1672,28,25,800000,2,2,0,7,Metropolitana,1
1673,21,93,881000,1,1,0,7,Metropolitana,0
1674,44,13,1972000,2,2,0,10,La Araucania,0
1675,72,60,803000,3,2,0,13,Metropolitana,0
1676,21,79,2069000,4,1,1,11,Antofagasta,0
1677,49,79,761000,1,0,1,8,Valparaiso,0
1678,39,30,948000,3,1,3,13,Metropolitana,1
1679,55,178,1073000,2,2,0,7,Metropolitana,0
1680,73,74,1010000,2,1,0,3,Biobio,0
1681,38,82,638000,1,1,1,6,Metropolitana,1
1682,33,29,488000,4,2,2,2,Metropolitana,0
1683,71,120,1369000,3,0,1,8,Biobio,0
1684,70,82,1233000,4,0,2,6,Metropolitana,0
1685,64,74,1354000,2,3,2,5,Antofagasta,0
1686,60,119,1498000,2,0,1,9,Antofagasta,0
1687,47,108,723000,5,2,1,7,Metropolitana,1
1688,37,65,734000,1,0,0,6,Metropolitana,0
1689,56,89,1334000,5,2,1,11,Valparaiso,0
1690,19,70,1393000,3,2,2,2,Metropolitana,1
1691,66,86,982000,3,1,0,13,Valparaiso,0
1692,52,101,842000,2,0,1,10,La Araucania,0
1693,40,65,1140000,4,0,1,7,Antofagasta,0
1694,25,54,1348000,1,0,1,5,Metropolitana,0
1695,74,76,1113000,5,2,0,8,Biobio,1
1696,73,88,1041000,1,0,1,3,Antofagasta,0
1697,52,44,1279000,2,2,1,10,Antofagasta,0
1698,69,179,908000,2,1,1,8,Metropolitana,0
1699,25,68,1384000,2,2,0,7,Metropolitana,1
1700,55,135,641000,2,3,1,10,Metropolitana,1
1701,58,125,892000,2,0,0,8,Valparaiso,0
1702,31,98,927000,4,2,0,8,La Araucania,1
1703,28,104,1503000,3,1,1,7,Valparaiso,0
1704,73,147,1248000,3,1,2,7,Metropolitana,0
1705,56,49,1296000,3,0,1,6,La Araucania,0
1706,32,179,947000,1,1,1,5,Metropolitana,0
1707,40,44,2267000,3,0,3,3,Metropolitana,1
1708,64,146,1408000,2,2,1,7,Metropolitana,1
1709,44,64,800000,4,1,2,6,Valparaiso,1
1710,46,76,764000,1,2,2,4,Valparaiso,1
1711,51,103,1317000,1,0,3,5,Metropolitana,1
1712,67,25,1157000,4,1,2,6,Metropolitana,0
1713,68,65,1203000,3,2,0,7,Metropolitana,0
1714,71,79,1761000,2,0,1,9,Metropolitana,0
1715,35,58,1215000,1,2,1,3,Biobio,0
1716,48,39,910000,3,1,0,8,Metropolitana,0
1717,66,179,1047000,5,0,0,5,Valparaiso,0
1718,28,72,734000,5,0,1,6,Antofagasta,0
1719,41,41,741000,2,1,0,6,Valparaiso,0
1720,31,89,702000,3,0,0,9,Metropolitana,0
1721,55,55,923000,1,2,0,5,Biobio,1
1722,21,66,803000,2,3,0,10,Antofagasta,0
1723,35,179,682000,3,1,0,10,Biobio,0
1724,30,22,636000,2,1,0,4,Valparaiso,0
1725,48,179,850000,1,1,0,8,Valparaiso,0
1726,68,179,1018000,3,0,1,11,Metropolitana,0
1727,52,47,1051000,2,1,0,11,Metropolitana,0
1728,59,85,743000,4,3,1,6,La Araucania,1
1729,61,19,2207000,4,1,2,6,Biobio,0
1730,26,94,779000,2,1,2,14,Metropolitana,1
1731,31,113,718000,4,3,0,9,Metropolitana,0
1732,55,58,1872000,3,1,0,4,Metropolitana,1
1733,36,121,1016000,5,0,2,8,Valparaiso,0
1734,28,179,1204000,3,1,1,8,Metropolitana,0
1735,55,131,2219000,5,3,3,7,Metropolitana,0
1736,62,131,1302000,4,2,2,5,La Araucania,0
1737,19,69,638000,1,1,1,12,Metropolitana,1
1738,54,35,661000,2,3,1,6,Valparaiso,1
1739,48,86,1479000,2,1,1,11,Valparaiso,1
1740,30,179,1206000,5,0,3,9,Antofagasta,0
1741,48,68,1143000,3,0,0,7,Metropolitana,0
1742,36,115,1529000,2,4,3,6,Biobio,1
1743,32,92,1341000,4,2,1,10,Metropolitana,1
1744,63,44,735000,3,2,0,5,Metropolitana,0
1745,43,155,1300000,2,0,0,7,La Araucania,1
1746,39,90,891000,3,1,1,6,Biobio,0
1747,69,53,974000,1,1,1,7,Metropolitana,0
1748,30,61,791000,2,0,4,8,Metropolitana,1
1749,67,48,875000,1,2,0,7,Biobio,0
1750,28,131,769000,3,1,0,9,Metropolitana,0
1751,42,140,1740000,5,1,1,10,Biobio,0
1752,69,90,1210000,5,1,1,7,Valparaiso,0
1753,50,92,1010000,4,1,2,5,Metropolitana,0
1754,60,67,1856000,3,0,0,11,Antofagasta,0
1755,50,73,1739000,1,1,1,9,Valparaiso,1
1756,48,115,1190000,4,2,0,10,Metropolitana,0
1757,24,99,502000,1,1,2,14,Antofagasta,0
1758,66,49,754000,4,1,2,7,Valparaiso,1
1759,26,33,929000,4,0,1,3,Metropolitana,0
1760,60,92,1037000,4,2,1,6,Metropolitana,0
1761,45,8,819000,1,2,0,10,Metropolitana,0
1762,37,54,449000,2,0,1,5,La Araucania,0
1763,62,51,746000,1,2,1,11,Metropolitana,0
1764,53,55,770000,2,4,2,5,La Araucania,1
1765,31,31,793000,3,3,0,8,Antofagasta,1
1766,60,58,1046000,5,1,1,10,Metropolitana,0
1767,33,20,660000,1,6,1,8,La Araucania,1
1768,19,169,1168000,4,2,1,4,Metropolitana,1
1769,51,152,1683000,1,1,0,11,Valparaiso,0
1770,64,28,852000,4,0,1,9,Valparaiso,1
1771,26,26,839000,4,1,1,10,Valparaiso,0
1772,69,31,1770000,3,1,2,11,Biobio,1
1773,25,43,925000,1,1,2,10,Metropolitana,1
1774,61,82,992000,4,0,1,12,Metropolitana,0
1775,30,93,2400000,5,1,1,7,La Araucania,0
1776,62,115,1690000,4,4,2,8,Antofagasta,1
1777,33,82,864000,3,1,1,12,Biobio,0
1778,49,54,583000,3,2,2,6,La Araucania,1
1779,66,103,1935000,1,0,0,11,Biobio,0
1780,68,142,1072000,3,0,0,8,Metropolitana,0
1781,53,117,1031000,4,1,0,8,Biobio,0
1782,32,34,711000,3,0,1,7,Metropolitana,0
1783,61,51,1278000,2,2,2,14,Biobio,0
1784,40,23,661000,2,1,0,6,Metropolitana,1
1785,32,151,951000,4,1,0,8,Metropolitana,0
1786,19,26,1399000,1,0,0,12,Valparaiso,0
1787,41,20,729000,2,2,0,12,Biobio,0
1788,32,67,735000,4,2,0,2,Valparaiso,0
1789,41,77,2018000,5,2,0,9,Biobio,0
1790,34,109,1769000,3,1,0,5,Antofagasta,0
1791,72,179,1238000,5,0,1,14,Metropolitana,0
1792,37,79,983000,2,3,0,11,Metropolitana,0
1793,50,13,1724000,1,2,1,7,Metropolitana,0
1794,66,27,741000,1,2,0,9,Metropolitana,1
1795,42,130,691000,4,0,2,11,Antofagasta,0
1796,53,84,1356000,2,0,0,8,La Araucania,0
1797,23,130,1011000,4,3,1,11,Antofagasta,0
1798,68,64,1714000,4,0,3,14,La Araucania,0
1799,68,88,787000,1,1,0,5,Biobio,1
1800,23,67,952000,1,1,1,7,Antofagasta,0
1801,40,44,1068000,1,0,1,8,La Araucania,1
1802,33,117,936000,2,3,2,10,La Araucania,1
1803,51,12,1108000,2,0,0,11,La Araucania,0
1804,71,55,1278000,3,0,1,9,La Araucania,1
1805,63,64,1112000,1,0,0,4,Metropolitana,1
1806,30,56,1428000,2,0,2,8,Metropolitana,0
1807,25,59,723000,2,2,1,10,Metropolitana,1
1808,41,56,1033000,3,0,3,15,Metropolitana,0
1809,60,53,1943000,3,0,2,7,Valparaiso,0
1810,25,56,1598000,4,2,0,5,Metropolitana,0
1811,30,51,791000,3,0,1,5,La Araucania,0
1812,69,109,873000,3,1,3,4,La Araucania,1
1813,22,54,1533000,3,3,0,4,La Araucania,1
1814,33,47,1202000,1,1,1,4,Metropolitana,1
1815,31,47,1102000,3,1,3,10,La Araucania,0
1816,45,39,1565000,5,1,1,7,La Araucania,0
1817,30,54,1711000,3,2,4,10,Valparaiso,1
1818,50,126,951000,4,3,1,11,Metropolitana,0
1819,28,35,1462000,2,0,2,9,Metropolitana,0
1820,63,47,1401000,2,2,0,7,Biobio,0
1821,62,69,2193000,5,1,1,10,Biobio,0
1822,32,88,924000,4,3,0,7,La Araucania,0
1823,22,65,920000,2,2,0,6,La Araucania,1
1824,67,78,720000,2,1,1,6,Biobio,0
1825,48,53,811000,1,3,0,6,Biobio,1
1826,31,179,790000,3,3,0,5,Metropolitana,1
1827,65,75,1251000,5,1,0,7,Antofagasta,0
1828,59,113,1300000,2,6,0,14,Valparaiso,1
1829,25,104,1026000,2,1,0,13,Biobio,0
1830,59,54,1136000,5,1,0,8,Metropolitana,0
1831,68,91,1395000,3,3,2,8,Antofagasta,1
1832,54,149,1240000,1,0,1,8,La Araucania,0
1833,21,27,641000,2,0,0,12,Biobio,0
1834,68,61,1378000,2,2,1,12,Metropolitana,0
1835,61,11,2400000,3,1,2,7,Biobio,1
1836,64,179,789000,5,0,0,5,Antofagasta,0
1837,33,27,1222000,5,0,2,12,Antofagasta,0
1838,47,86,737000,4,1,2,10,Biobio,0
1839,63,67,1628000,1,1,2,6,La Araucania,0
1840,41,120,1190000,4,0,1,12,Valparaiso,0
1841,29,47,501000,2,1,0,5,Metropolitana,0
1842,32,5,1727000,1,0,2,5,Valparaiso,1
1843,19,50,438000,2,0,1,7,Valparaiso,0
1844,36,86,957000,2,0,1,8,Valparaiso,1
1845,67,179,450000,3,1,1,13,Biobio,0
1846,65,93,716000,1,1,1,13,La Araucania,0
1847,36,68,505000,2,1,1,4,Biobio,1
1848,63,95,1275000,3,0,0,7,Biobio,0
1849,44,71,1144000,2,3,0,6,Biobio,0
1850,61,72,1140000,1,1,1,7,Metropolitana,0
1851,66,45,1164000,1,0,2,5,Biobio,1
1852,57,46,1252000,5,2,2,13,Metropolitana,0
1853,32,48,2170000,1,2,2,9,La Araucania,0
1854,21,106,1453000,2,1,1,6,Biobio,0
1855,39,44,918000,2,0,2,5,Antofagasta,1
1856,67,26,892000,3,1,1,7,La Araucania,0
1857,71,57,1688000,2,1,0,9,Metropolitana,1
1858,49,48,1514000,5,0,0,7,Metropolitana,0
1859,74,39,1578000,1,0,0,8,Antofagasta,1
1860,73,179,1338000,3,1,0,4,Biobio,1
1861,66,87,1044000,2,1,2,7,Metropolitana,0
1862,34,36,1039000,5,0,0,7,Metropolitana,1
1863,74,45,1071000,2,0,1,5,Biobio,0
1864,70,35,1785000,2,1,1,8,Metropolitana,0
1865,31,137,1566000,1,2,1,16,Metropolitana,0
1866,53,165,1159000,2,2,1,7,Metropolitana,1
1867,69,29,797000,5,1,0,6,Metropolitana,0
1868,70,63,1132000,4,2,0,2,Metropolitana,0
1869,66,68,1289000,3,2,2,14,Metropolitana,1
1870,66,130,1831000,5,1,2,6,Metropolitana,0
1871,68,90,844000,3,1,0,7,Metropolitana,0
1872,49,136,789000,1,1,0,8,Biobio,0
1873,42,70,1506000,2,0,0,9,Valparaiso,0
1874,23,14,1462000,2,1,0,9,Antofagasta,0
1875,56,116,1325000,1,2,1,10,Metropolitana,1
1876,71,126,1586000,3,2,2,6,Biobio,0
1877,49,15,1183000,2,3,0,9,Metropolitana,0
1878,73,89,1177000,4,0,0,8,Metropolitana,0
1879,36,73,712000,3,1,1,12,Metropolitana,0
1880,59,39,813000,3,0,1,6,Biobio,0
1881,54,131,935000,2,0,2,3,Biobio,1
1882,67,27,1200000,1,1,0,14,La Araucania,0
1883,39,26,1282000,4,6,1,10,Biobio,1
1884,39,89,1068000,5,0,0,6,Biobio,0
1885,24,179,672000,4,1,1,6,Valparaiso,1
1886,51,64,896000,3,1,0,8,Valparaiso,0
1887,73,105,982000,4,2,2,11,Metropolitana,0
1888,44,141,1085000,2,2,3,4,Biobio,1
1889,46,179,727000,3,2,0,6,Metropolitana,0
1890,39,35,1118000,5,0,3,10,Valparaiso,0
1891,71,66,1550000,4,3,0,6,Metropolitana,1
1892,58,31,458000,1,1,1,13,Metropolitana,1
1893,33,11,914000,2,2,2,7,Biobio,1
1894,40,65,1327000,1,3,0,8,Metropolitana,1
1895,27,179,888000,3,0,0,9,Metropolitana,0
1896,35,50,1078000,1,2,2,10,Metropolitana,1
1897,29,56,850000,3,1,1,7,Metropolitana,0
1898,56,179,1700000,4,2,0,6,Biobio,0
1899,58,177,866000,2,1,1,12,Metropolitana,0
1900,22,35,1447000,2,0,0,9,Antofagasta,0
1901,66,24,984000,3,0,1,8,Valparaiso,0
1902,24,123,867000,2,1,0,3,Valparaiso,1
1903,26,15,898000,3,2,2,10,Metropolitana,0
1904,48,72,970000,2,3,1,13,Biobio,1
1905,24,42,988000,3,3,0,7,Metropolitana,1
1906,63,106,1597000,3,2,0,6,Antofagasta,0
1907,67,93,1287000,1,2,1,6,La Araucania,1
1908,64,120,1125000,3,1,1,10,La Araucania,0
1909,21,62,1534000,3,1,0,5,Biobio,1
1910,56,165,673000,2,2,0,6,Metropolitana,0
1911,46,50,1133000,5,3,0,13,La Araucania,0
1912,48,86,1485000,2,4,1,7,Metropolitana,1
1913,65,166,1221000,3,0,2,10,Valparaiso,0
1914,45,74,1065000,2,1,0,11,Metropolitana,0
1915,19,179,1411000,2,1,2,8,La Araucania,0
1916,19,114,1114000,5,0,0,10,Biobio,0
1917,74,84,1035000,2,0,1,5,Metropolitana,0
1918,52,149,803000,2,0,0,10,Metropolitana,0
1919,40,145,936000,5,2,1,6,Biobio,0
1920,38,168,482000,1,0,0,6,Valparaiso,0
1921,26,37,686000,4,1,0,11,Biobio,0
1922,70,53,687000,3,1,0,7,Biobio,0
1923,24,70,699000,2,2,2,2,Valparaiso,0
1924,50,89,1223000,3,1,1,10,Metropolitana,0
1925,37,42,1072000,3,2,2,11,Metropolitana,0
1926,52,45,642000,3,0,0,9,Valparaiso,0
1927,49,37,736000,3,3,0,10,Metropolitana,1
1928,47,113,466000,2,3,0,8,Metropolitana,1
1929,34,22,1706000,3,3,2,6,La Araucania,1
1930,39,54,1379000,3,3,2,6,Metropolitana,1
1931,25,54,867000,4,2,0,14,La Araucania,0
1932,74,146,1593000,5,0,2,11,Metropolitana,0
1933,69,27,559000,4,2,1,4,Biobio,0
1934,34,43,999000,1,1,0,4,Valparaiso,1
1935,62,15,1312000,5,1,1,7,Biobio,1
1936,57,37,398000,4,0,0,12,Antofagasta,0
1937,72,39,1542000,1,1,1,5,Biobio,0
1938,62,58,1343000,3,1,0,13,Antofagasta,0
1939,61,153,1386000,1,2,1,3,Metropolitana,1
1940,57,179,1023000,2,1,1,6,Metropolitana,1
1941,28,179,805000,1,3,1,6,Metropolitana,1
1942,52,74,1108000,2,4,0,8,Valparaiso,1
1943,39,179,663000,2,2,0,5,Metropolitana,1
1944,70,179,1086000,1,2,0,9,Metropolitana,0
1945,50,70,1056000,1,1,1,10,La Araucania,0
1946,22,31,995000,5,1,1,1,Metropolitana,1
1947,44,179,1879000,2,4,0,5,Valparaiso,0
1948,57,23,1964000,4,2,0,8,Biobio,0
1949,42,80,1094000,4,3,1,4,La Araucania,0
1950,50,69,517000,1,2,1,7,Metropolitana,1
